timestamp,worker_id,session_id,prompt_code,temperature,frequency_penalty,num_query,num_selected,perc_selected,num_cursor,time,num_event,written_by_human
8/15/2021 17:22:29,A2QX3YJXAAHHVV,36bc101319da4b3590b96bce76f7c02c,shapeshifter,0.75,1,36,25,69,23,9.98,1021,30
8/15/2021 17:23:35,A394JO4NEPCY3M,9aca14b9d4bc4e4b9b240782bd72c6db,shapeshifter,0.3,0,5,5,100,0,9.89,2490,86
8/15/2021 17:24:45,A2QKAA5YS0P4CI,499f9577962c4a2c98aee3f5b6098a71,shapeshifter,0.3,0,10,9,90,433,11.31,2271,66
8/15/2021 17:30:11,AZLZA0Q87TJZO,7267ada18a784f5089b55427212251b3,shapeshifter,0.3,0,13,8,62,32,11.46,2546,79
8/15/2021 17:30:49,A2YTQDLACTLIBA,1a14bae2ca9f422ea8779752233a203a,shapeshifter,0.3,0,9,4,44,11,15.12,2470,91
8/15/2021 17:34:47,A2WGW5Y3ZFBDEC,b72437b88da64ad392d21dbc32ca9af0,shapeshifter,0.75,1,12,10,83,11,11.33,2144,72
8/15/2021 17:37:27,AFRJKS3Z3H4CA,4d56ca2cb8c44243a3c86dd80216c1d5,shapeshifter,0.3,0,5,4,80,269,13.82,3782,92
8/15/2021 17:47:27,A2YTQDLACTLIBA,789f87d67d884e1898dc4a6e2e0e9d7b,shapeshifter,0.3,0,4,4,100,8,10.28,1469,90
8/15/2021 17:58:48,A3VEF4M5FIN7KH,5b721b51643b41c38ee4ddb543f0d8f6,shapeshifter,0.3,0,9,5,56,24,24.05,5507,93
8/15/2021 18:02:06,A2YTQDLACTLIBA,a09cbbf5323a4bd2aa5a2ae775258c38,shapeshifter,0.75,1,1,1,100,11,10.22,1758,97
8/15/2021 18:22:22,A2YTQDLACTLIBA,050118bfac954920a524e7070132690b,shapeshifter,0.3,0,3,2,67,19,10.61,1817,92
8/15/2021 19:00:57,AFRJKS3Z3H4CA,7e9c3c8fbe1f4a02bcb9940a2bf95d9f,shapeshifter,0.75,1,4,3,75,333,11.19,3170,89
8/15/2021 19:42:30,A1QUQ0TV9KVD4C,4951e256dc4f4b44a90c95f8af2f34b7,shapeshifter,0.75,1,19,17,89,2,10.73,1268,59
8/15/2021 19:57:12,A1QUQ0TV9KVD4C,c802d58c0f014745af7b010e31e863c3,shapeshifter,0.3,0,20,16,80,4,11.83,1408,65
8/15/2021 20:10:35,A1QUQ0TV9KVD4C,ac0d02d15e164314841ae2ce49d2b2c9,shapeshifter,0.75,1,20,19,95,11,10.2,1260,58
8/15/2021 20:22:47,A1QUQ0TV9KVD4C,5929420aebc940789c58a72f8c8ccd56,shapeshifter,0.3,0,22,18,82,4,10.18,1485,61
8/15/2021 21:00:28,A3O5RKGH6VB19C,ff0d41e1426c410bbf87423713ac5e89,shapeshifter,0.75,1,13,8,62,6,6.37,2117,73
8/15/2021 21:13:38,A3O5RKGH6VB19C,a567ef08f6c54b6bbfa892f39c462934,shapeshifter,0.3,0,5,4,80,13,9.72,3262,94
8/15/2021 21:25:20,A3O5RKGH6VB19C,f3ecf0ce872940238b0bd429a3e36322,shapeshifter,0.3,0,7,5,71,6,10.02,3376,92
8/15/2021 21:36:51,A3O5RKGH6VB19C,5e7e514646ae4e468f3f20972dac1ddc,shapeshifter,0.3,0,22,18,82,2,10.03,2983,74
8/15/2021 22:46:15,A2OVX9UW5WANQE,adac0650634f4228bdd483b8ce1f52ea,shapeshifter,0.75,1,9,6,67,2,10.25,1331,75
8/15/2021 23:06:12,A2WGW5Y3ZFBDEC,10638735a10248c29ef1747f2f12c0b7,reincarnation,0.3,0,12,10,83,24,10.84,1984,73
8/15/2021 23:06:20,A3O5RKGH6VB19C,7062d62b58b64877aab1d5e95b927616,reincarnation,0.75,1,25,23,92,12,10,1892,51
8/15/2021 23:17:39,A2OVX9UW5WANQE,4ba0ab41e7a6458eacf213c24050ade3,reincarnation,0.75,1,14,10,71,6,10.24,1384,66
8/15/2021 23:17:44,A3O5RKGH6VB19C,9a01bc361d3c4dd09d596c716c16f5a3,reincarnation,0.3,0,15,13,87,20,9.89,1929,69
8/15/2021 23:29:15,A3O5RKGH6VB19C,3ec4b47601ca4e9892edbd08b3173742,mana,0.3,0,21,13,62,16,9.94,1058,45
8/15/2021 23:35:08,A2WGW5Y3ZFBDEC,1e71cd3d266046fdaeeef386a80a0781,mana,0.75,1,13,12,92,35,11.22,1736,71
8/15/2021 23:41:22,A3O5RKGH6VB19C,892c76509c2c4082810a501b3775a405,reincarnation,0.75,1,14,13,93,3,9.52,1318,56
8/15/2021 23:50:49,A2OVX9UW5WANQE,d99c239ccb2841f6bfe743f865126332,mana,0.3,0,26,12,46,0,10.92,1078,61
8/15/2021 23:56:09,A3O5RKGH6VB19C,b79b62f6c9c3404488b5265566f61b57,mana,0.75,1,16,14,88,10,9.4,1444,56
8/15/2021 23:57:58,A2WGW5Y3ZFBDEC,696c87b7fe7f4f869e84d30e9bd97823,mana,0.3,0,13,11,85,8,10.41,1724,63
8/16/2021 0:10:43,A3O5RKGH6VB19C,b821e4ee78184af086b8e229b0387500,mana,0.3,0,8,6,75,6,9.5,1963,83
8/16/2021 0:12:33,A2WGW5Y3ZFBDEC,0a6500a997e24468a743b34eda6be51e,reincarnation,0.75,1,12,5,42,32,11.42,2346,82
8/16/2021 0:21:31,A1S5KQVM900NE,e0435f4cf6fc435c872ffc5b66b66b0c,shapeshifter,0.3,0,17,14,82,601,16,3045,66
8/16/2021 0:23:12,A2OVX9UW5WANQE,0676be9886614881a7c2f933ef80337e,reincarnation,0.75,1,20,9,45,0,10.52,979,58
8/16/2021 0:30:39,A3O5RKGH6VB19C,85592766aa1940778f8f71cda90305e1,mana,0.3,0,17,14,82,2,9.42,1711,59
8/16/2021 0:43:09,A2WGW5Y3ZFBDEC,f84a83053e004acb9ccc912f7c6d8ec6,mana,0.75,1,15,13,87,27,11.24,1663,59
8/16/2021 10:03:55,A2ONILC0LZKG6Y,2d9358657a364ccab47e9a7538cb6650,mana,0.75,1,17,12,71,26,18.59,2830,72
8/16/2021 10:08:47,A1PBRKFHSF1OF8,c65f1ff1c8674f12bbb3a4a4b62ec7f1,mana,0.75,1,14,10,71,3,10.25,2204,74
8/16/2021 10:42:31,A2QKAA5YS0P4CI,d751bbe533c947da999264d16545705d,mana,0.75,1,16,16,100,79,11.79,1621,49
8/16/2021 12:54:47,A1PTH9KTRO06EG,335ffea5a1a8426badc75a2fa056a1a8,reincarnation,0.3,0,5,5,100,0,9.79,2263,86
8/16/2021 13:21:55,A2ONILC0LZKG6Y,48614678f47848e49060db320a454716,reincarnation,0.75,1,19,18,95,191,23.97,3670,80
8/16/2021 14:06:32,A2QX3YJXAAHHVV,c72d65250b4f4c1193e2f089afe9429c,reincarnation,0.3,0,18,16,89,34,11.49,1521,68
8/16/2021 14:23:49,A2QX3YJXAAHHVV,17f65e14d6ab4f7596367a394daf3f82,mana,0.75,1,14,12,86,24,9.8,886,37
8/16/2021 14:36:48,A394JO4NEPCY3M,c39a4e04b8b7471ab8601c74d57dcd1b,mana,0.3,0,5,5,100,0,9.32,2372,88
8/16/2021 15:08:03,A2QX3YJXAAHHVV,e473eeedb2ed40038c043c95303a990e,mana,0.3,0,6,6,100,19,10.4,1323,82
8/16/2021 15:16:45,A2OVOVZBJYUO,ddb30c809dfe47f8b0d0c10147b240b4,shapeshifter,0.3,0,16,15,94,19,11.76,1888,60
8/16/2021 15:42:26,A2QX3YJXAAHHVV,562cda138b314c97b21ba43f691b79ec,reincarnation,0.3,0,16,13,81,26,10.37,1725,70
8/16/2021 15:59:38,A2QX3YJXAAHHVV,c0bda7b135404137b66b5ade3bf1c8bc,shapeshifter,0.3,0,9,7,78,37,11.73,1733,75
8/16/2021 18:53:36,A1FVXS8IM5QYO8,bd54a50b118341678efa571079cae11e,reincarnation,0.75,1,18,7,39,0,10.04,1598,75
8/16/2021 1:07:09,A2WGW5Y3ZFBDEC,b4134879f6494953bfca7456a0bc8341,reincarnation,0.75,1,10,8,80,17,12.92,2807,81
8/16/2021 23:10:56,A2WGW5Y3ZFBDEC,242eb23d0a2a46a789be2b41a665873d,mana,0.3,0,16,16,100,8,11.46,2374,64
8/16/2021 23:25:38,A2WGW5Y3ZFBDEC,5827d7fcff0d48f78870ee95b4833fef,reincarnation,0.75,1,15,10,67,20,12.45,2601,81
8/16/2021 23:43:45,A2WGW5Y3ZFBDEC,0822cf8998be4c44962989a70f00eb9e,mana,0.3,0,23,17,74,13,11.36,2009,75
8/16/2021 3:05:57,A2OVX9UW5WANQE,3fa1c25393bc47dfb78329c8ce55857f,mana,0.75,1,14,9,64,4,10.02,884,47
8/16/2021 3:08:07,A1PTH9KTRO06EG,f58ab329f0764998a66dc23a54e81abd,mana,0.75,1,9,6,67,4,10.53,1438,69
8/16/2021 4:03:10,A2OVX9UW5WANQE,d84e8db741bf49589f2f86663fbea879,reincarnation,0.3,0,17,8,47,0,9.78,1350,65
8/16/2021 4:04:39,A1PTH9KTRO06EG,f670362dc84144aabb373a577490e491,shapeshifter,0.75,1,1,1,100,2,10.98,2343,97
8/16/2021 4:18:31,A2EED3HLTA96CP,5f020c0bdea94db5aad0478ba02f2924,shapeshifter,0.3,0,13,13,100,53,10.97,1275,65
8/16/2021 4:56:31,A1PTH9KTRO06EG,76c3366d06584c42b5c0d1af41b63ccb,shapeshifter,0.3,0,4,3,75,14,12.71,2808,93
8/16/2021 5:15:04,A1QUQ0TV9KVD4C,a8cf086c79104dedaf0894b6ae96411f,mana,0.3,0,16,16,100,10,9.92,1239,55
8/16/2021 5:27:58,A1QUQ0TV9KVD4C,cfea3807443b4149a2c68fb1ee0341f5,reincarnation,0.3,0,24,22,92,0,10.21,1440,54
8/16/2021 5:41:00,A1QUQ0TV9KVD4C,07c5099d0eb24fb29da557733ed48f62,reincarnation,0.75,1,23,21,91,9,11.09,1803,61
8/16/2021 5:53:37,A1QUQ0TV9KVD4C,ed71ed0719334d8a8219d77798f6a739,mana,0.75,1,21,20,95,22,10.61,1750,56
8/16/2021 6:04:32,A2QX3YJXAAHHVV,a6fdd2b52268416d9b3ebf015fa82e18,mana,0.75,1,19,16,84,30,10.14,919,32
8/16/2021 6:05:16,A1QUQ0TV9KVD4C,01a3e8d4e52f4f1483bf48b33cd88cd9,reincarnation,0.75,1,20,17,85,8,10.39,2100,67
8/16/2021 6:24:43,A1PTH9KTRO06EG,2b34c5a6b1bd4256980b6a3e8ed3d196,shapeshifter,0.3,0,2,0,0,0,10.48,2358,100
8/16/2021 7:03:15,AZLZA0Q87TJZO,5bb9fe2145ff4374b3c007f0486bdd0a,shapeshifter,0.75,1,8,4,50,20,16.01,3342,91
8/16/2021 7:58:00,APRZ7BR8C0ZMQ,322cc9be91574818ae2811e740e7d142,shapeshifter,0.75,1,4,0,0,3,13.41,2953,100
8/16/2021 8:01:15,AZLZA0Q87TJZO,786e6c194f0a4fd182440d297bfc3b9f,reincarnation,0.75,1,6,4,67,6,10.13,2282,85
8/16/2021 8:35:04,A173MXK429XAZQ,c8fe68ef837447728273c137d49a144f,mana,0.75,1,6,5,83,19,10.75,2345,83
8/16/2021 8:35:36,A2QX3YJXAAHHVV,b978d5f14d4e4a5291d28757a84f0796,reincarnation,0.75,1,20,13,65,48,14.84,1570,57
8/16/2021 8:37:13,A2YTQDLACTLIBA,7edc4eee07cd44db9a01e28f1ef20064,reincarnation,0.3,0,6,6,100,9,11.14,1697,88
8/16/2021 8:53:21,A2QX3YJXAAHHVV,641b82584ed44b07b06840e2d0d9e75b,reincarnation,0.75,1,11,7,64,21,12.52,1557,69
8/16/2021 9:08:26,A1PTH9KTRO06EG,5db9af9d7eb8449482b05842af955c63,reincarnation,0.75,1,3,2,67,5,10.21,2570,91
8/16/2021 9:11:39,A2QX3YJXAAHHVV,2f8c2905bd764dd1a70ed96115e75edb,shapeshifter,0.3,0,11,8,73,26,12.58,1606,81
8/16/2021 9:27:54,A2QX3YJXAAHHVV,bf739551dea348c48635d2fbabb51ed3,reincarnation,0.75,1,16,11,69,31,10.18,1194,65
8/16/2021 9:50:07,A1PTH9KTRO06EG,8619af4decba4fd0b44bd0194df73038,mana,0.3,0,14,8,57,6,9.86,1257,57
8/17/2021 0:52:46,A1S5KQVM900NE,aa092c2e66ea48d89361cc668d7d4919,reincarnation,0.75,1,22,20,91,534,26.48,4610,67
8/17/2021 10:00:00,A2RUHO7I7Y4XFA,81f59f9cba194b04802bbeae51dc798c,mana,0.75,1,11,6,55,86,18.72,3306,81
8/17/2021 10:26:36,A2EED3HLTA96CP,a59321f59eeb459da6a427267afefb9b,obama,0.3,0,14,14,100,55,11.54,950,55
8/17/2021 10:58:30,A1PTH9KTRO06EG,8d77e68c9e2246949f8f3af5342da3a2,pig,0.75,1,9,8,89,2,11.05,2470,80
8/17/2021 11:46:11,A1PTH9KTRO06EG,b768132809f240b2a3efa1719be82ae4,mana,0.3,0,5,3,60,5,9.9,2155,92
8/17/2021 12:42:55,AZLZA0Q87TJZO,787875eafca34b36a32a0a4d81c620c1,mana,0.3,0,12,9,75,0,10.16,1826,73
8/17/2021 13:13:02,A1E235KE3CSO7H,a1f6b84f1d60425ea7f1f34c2ff519e2,reincarnation,0.75,1,5,3,60,4,9.94,1333,81
8/17/2021 13:40:33,A2QX3YJXAAHHVV,d4a9f1685bf541d29e96abe560ef4589,mana,0.3,0,16,14,88,36,11.11,1577,64
8/17/2021 13:56:31,A2QX3YJXAAHHVV,3ca31115e49946af820f4e5c6cc31311,pig,0.3,0,15,11,73,29,10.19,1316,60
8/17/2021 14:12:09,A2QX3YJXAAHHVV,626255ec39a349df84e75196a01c9e55,pig,0.3,0,19,16,84,39,11.08,1521,60
8/17/2021 14:31:20,A2QX3YJXAAHHVV,11142ca391e749809df56da90091adb4,pig,0.75,1,26,23,88,34,10.38,869,29
8/17/2021 14:45:54,A1E235KE3CSO7H,455d43b4c912498eac41138c743501aa,mana,0.3,0,4,3,75,2,10.31,1288,80
8/17/2021 14:50:05,A2QX3YJXAAHHVV,65c928cb0ce8466fa757955c2d32814b,pig,0.3,0,16,12,75,28,11.61,1814,68
8/17/2021 16:05:12,A394JO4NEPCY3M,b497d14e65404451850e963ceb3073cf,obama,0.3,0,4,4,100,0,8.88,1367,85
8/17/2021 16:08:17,APRZ7BR8C0ZMQ,116ae37dd7f5497c8257767b81a72cf3,obama,0.3,0,3,3,100,5,16.19,2671,95
8/17/2021 19:02:13,A2WGW5Y3ZFBDEC,1763bf2d3371474ab481253b7731c586,pig,0.75,1,18,10,56,9,11.44,2094,73
8/17/2021 19:34:45,A2WGW5Y3ZFBDEC,11f99f1431f74db3bb09b522504d31b3,obama,0.3,0,19,14,74,7,11.42,2239,73
8/17/2021 1:00:55,A2WGW5Y3ZFBDEC,e4bf8d4c04c743b39fb94f724339f642,pig,0.3,0,12,11,92,7,11.64,2081,80
8/17/2021 1:28:00,A1WKF2VH7TV0H2,fe7442150cf74ed99d61e116a8a5426b,mana,0.75,1,2,2,100,16,5.32,918,83
8/17/2021 1:30:23,A2WGW5Y3ZFBDEC,22041e7a62c246398773d82b83cb08fd,mattdamon,0.75,1,19,15,79,13,11.46,1855,68
8/17/2021 1:39:34,A1WKF2VH7TV0H2,2563e300aebd45b9a0adde07b8e23001,reincarnation,0.75,1,2,2,100,8,9.57,826,92
8/17/2021 20:13:31,A2WGW5Y3ZFBDEC,5a17e70a18c04205aac7f7bb845b8333,mattdamon,0.3,0,22,16,73,9,10.29,1876,67
8/17/2021 20:53:50,A2OVOVZBJYUO,b1764d1ab84a4d23a983a53fff269aed,mattdamon,0.75,1,14,12,86,17,10.16,1717,70
8/17/2021 23:16:50,A2WGW5Y3ZFBDEC,d7dd51e0a729428f8419480e4d8da32c,mattdamon,0.3,0,17,17,100,25,10.36,1786,54
8/17/2021 23:46:17,A2WGW5Y3ZFBDEC,84525c08fad348c6877ace95de0fcdaa,obama,0.3,0,16,14,88,1,10.65,2221,77
8/17/2021 2:03:15,A2WGW5Y3ZFBDEC,dcf41dcfdb0e4a98949063447b455792,obama,0.75,1,20,16,80,14,12.33,1751,72
8/17/2021 2:26:46,A1PBRKFHSF1OF8,992ccdb3cd144e62aa7cddce5efbac3d,mattdamon,0.75,1,8,7,88,8,9.61,1724,75
8/17/2021 3:23:56,A2EED3HLTA96CP,864b77f0d5f34f2b9946e518cdeee98a,reincarnation,0.75,1,14,13,93,46,12.03,1259,65
8/17/2021 3:36:55,A2EED3HLTA96CP,797e87aff94142b1be301e11df758d63,obama,0.3,0,11,9,82,75,11.09,1177,67
8/17/2021 3:42:51,ASVRLMDNQBUD9,b93e342180e34c518e2ff42b2589a68e,pig,0.75,1,5,3,60,114,11.71,1589,92
8/17/2021 4:00:57,A3DUPRZSMU9W5R,223f27bcebb5496a850b7ce86d50e910,shapeshifter,0.75,1,2,0,0,1,10.35,2580,100
8/17/2021 4:09:35,A2EED3HLTA96CP,b0a2fd2acd9f49ebabf15233e8711c0b,mattdamon,0.75,1,14,13,93,59,10.33,1233,64
8/17/2021 4:36:51,A3DUPRZSMU9W5R,110c2c98170f41b3b0f91f3af71ce98a,pig,0.75,1,5,4,80,6,10.28,2434,89
8/17/2021 4:56:46,A2EED3HLTA96CP,edd8e02d22034990afa5f3435904c34f,mana,0.3,0,8,7,88,90,11.11,1291,64
8/17/2021 5:11:04,A1PTH9KTRO06EG,0cb1f752dd254646830cf016f27b9f4f,mattdamon,0.3,0,5,2,40,5,9.85,1894,88
8/17/2021 5:34:31,A3DUPRZSMU9W5R,0a8e182a20df447db4846b1223c619b5,mana,0.3,0,5,3,60,9,10.7,2912,92
8/17/2021 5:40:59,APRZ7BR8C0ZMQ,e1c857cecaf04ee6a38149b0d5e6abdb,mattdamon,0.75,1,3,3,100,3,13.3,2898,90
8/17/2021 6:05:25,A3DUPRZSMU9W5R,11d219390dd847a9809092f91a1416d4,reincarnation,0.75,1,12,10,83,0,10.03,2455,77
8/17/2021 6:06:26,A1QUQ0TV9KVD4C,eb9fd1c4b18b44679e21e09e4fc7fe0b,pig,0.3,0,16,13,81,7,10.7,1573,68
8/17/2021 6:19:20,A1QUQ0TV9KVD4C,fe0fb4892ea749c7a67b12172793c3a4,mattdamon,0.3,0,21,15,71,0,11.39,1643,71
8/17/2021 6:21:13,A1PTH9KTRO06EG,dd87568fb11649f283279a507a1c2f11,pig,0.75,1,1,1,100,6,10.13,2144,98
8/17/2021 6:32:07,A1QUQ0TV9KVD4C,18d61fce4bcc4ccf9bd49c621b0ec1c0,obama,0.3,0,21,20,95,2,10.84,1378,59
8/17/2021 6:43:52,A1QUQ0TV9KVD4C,86b1f1bb36bc4cc588e6dfc86d7a5bc4,pig,0.3,0,27,22,81,0,9.99,1333,57
8/17/2021 6:47:52,A2EED3HLTA96CP,0722c529c6924e989c5723366906e6d2,mattdamon,0.3,0,15,14,93,69,12.1,1240,52
8/17/2021 6:52:46,A3DUPRZSMU9W5R,0139e814be15409dbab46c2d2d9ca07f,mattdamon,0.3,0,8,5,62,0,9.96,2486,88
8/17/2021 6:57:46,A1QUQ0TV9KVD4C,a60c272551c6418a845424432fc4cc72,obama,0.75,1,17,15,88,6,11.72,1469,67
8/17/2021 7:05:17,A3DUPRZSMU9W5R,d7e61761eda64607b4b1232dcc09bddc,shapeshifter,0.3,0,10,9,90,7,9.96,2228,78
8/17/2021 7:09:34,A1QUQ0TV9KVD4C,e29599231e66474b8a524c23db775e47,pig,0.75,1,16,15,94,1,9.91,1194,61
8/17/2021 7:21:17,A1QUQ0TV9KVD4C,47dff3bdc673494296ba42b16fec93fd,mattdamon,0.75,1,21,21,100,0,10.31,1435,58
8/17/2021 7:44:01,A1QUQ0TV9KVD4C,3cfab79e841a41a7b6edf77e7b28886b,mattdamon,0.75,1,21,18,86,8,9.91,1621,65
8/17/2021 7:48:26,A2RUHO7I7Y4XFA,23553b4984aa4e4a91326ebd9393f01c,mana,0.3,0,8,8,100,52,10.02,1526,69
8/17/2021 7:52:44,A2YTQDLACTLIBA,ec5462994a4b4614a7d95eac2f39a693,pig,0.75,1,2,2,100,24,11.13,1458,96
8/17/2021 8:02:35,A2RUHO7I7Y4XFA,3ca2007bfff344b0a3f1322866235137,pig,0.75,1,6,4,67,54,10.09,1648,78
8/17/2021 8:03:09,A2ONILC0LZKG6Y,8c04c390a801420a9772009868a6c4f0,shapeshifter,0.75,1,10,10,100,26,18.51,3955,87
8/17/2021 8:07:28,A2YTQDLACTLIBA,b6c87b8153ce4791a449f6b80a7f438e,mattdamon,0.3,0,7,7,100,25,10.84,1245,77
8/17/2021 8:19:06,A2RUHO7I7Y4XFA,3ab1ca63246449669bf1f7b9c90d379b,shapeshifter,0.3,0,12,8,67,77,13.92,2450,77
8/17/2021 8:23:27,A2YTQDLACTLIBA,04a4118571c642a18348c2e4a01f67c0,obama,0.75,1,8,8,100,10,11.3,1741,89
8/17/2021 8:53:04,A2RUHO7I7Y4XFA,b110df89e00549d39910dc176a617be7,obama,0.3,0,8,7,88,72,25.31,4062,88
8/17/2021 9:14:35,A2RUHO7I7Y4XFA,64e545e776c1466687f0fe0dc8bb0d88,mattdamon,0.3,0,12,9,75,65,18.31,2966,80
8/17/2021 9:17:29,A2ONILC0LZKG6Y,13ff0c5ffe4341a8bcec84ef343a9359,mattdamon,0.3,0,14,9,64,24,16.17,2455,78
8/17/2021 9:37:29,A2RUHO7I7Y4XFA,fbd7e4482a5d4be7b725b2a5be5406bb,reincarnation,0.75,1,8,3,38,23,12.32,2471,90
8/17/2021 9:38:48,A1PTH9KTRO06EG,da4fed90272b41edb41f63fed4a928f0,obama,0.75,1,3,2,67,0,9.83,2008,95
8/18/2021 0:00:05,A2WGW5Y3ZFBDEC,8393a8ed335f438c9ad5ca3d25a947b6,pig,0.75,1,19,16,84,12,11,2355,71
8/18/2021 0:31:36,A2WGW5Y3ZFBDEC,58e702b7c7e249a0aaf762ea10f833b3,mattdamon,0.75,1,22,20,91,23,11.29,1751,55
8/18/2021 0:48:30,A2WGW5Y3ZFBDEC,98de646c88b04772b24503cb24056236,mattdamon,0.75,1,27,23,85,20,12.16,2083,60
8/18/2021 10:02:13,A2EED3HLTA96CP,0fe679b3bb1a472bb1d375c1c58e3687,dad,0.75,1,11,6,55,47,11.01,1144,79
8/18/2021 10:03:19,A2QX3YJXAAHHVV,0701c34e77564a46accbddb80138116c,mattdamon,0.75,1,12,7,58,47,12.23,1628,75
8/18/2021 10:08:24,A1PTH9KTRO06EG,ba6d32a6c29a4bfeacf1e25a87a1f804,dad,0.75,1,8,5,62,4,10.01,2262,89
8/18/2021 10:23:04,A2EED3HLTA96CP,3d6a7c48810349b4a145b117bd38afa9,reincarnation,0.75,1,16,15,94,30,11.08,950,56
8/18/2021 10:23:32,A2QX3YJXAAHHVV,8610d3166aea4491b673112459745fc1,mana,0.3,0,29,16,55,36,10.48,1221,41
8/18/2021 10:43:31,A2EED3HLTA96CP,b15bdf5fdb764c3b97f9ec4ab3d348e3,isolation,0.3,0,16,11,69,64,12.46,935,48
8/18/2021 11:30:38,A2QX3YJXAAHHVV,5fe6fd486c824ec9ae9f7a5cfe422491,bee,0.3,0,13,12,92,56,11.78,1604,73
8/18/2021 11:49:20,A2QX3YJXAAHHVV,931c030acd5e41b1bfac856da1aeb8e3,obama,0.3,0,31,29,94,32,12.06,1377,48
8/18/2021 12:21:14,A2QX3YJXAAHHVV,ca8ad78852e7427598cb82fa420483b4,obama,0.75,1,36,35,97,25,10.3,537,7
8/18/2021 12:41:07,A2ONILC0LZKG6Y,06209e0aab79451d994d756ff3542754,isolation,0.75,1,11,7,64,63,17.29,2967,86
8/18/2021 12:43:16,A2QX3YJXAAHHVV,61365e6b13164a04b33e0c5b18aa73c8,isolation,0.75,1,26,24,92,26,9.39,653,15
8/18/2021 12:52:17,APRZ7BR8C0ZMQ,a4f09dbc1ed0489399cf6d1db00c5a89,mana,0.3,0,4,3,75,5,13.08,2714,96
8/18/2021 13:15:48,A2WGW5Y3ZFBDEC,7db807f901e64357a4ebcee6908e8755,obama,0.75,1,18,15,83,1,10.56,2019,74
8/18/2021 13:15:58,A3VEF4M5FIN7KH,e81d6b763cc44618a315a087b3ff155c,reincarnation,0.75,1,7,5,71,64,15.27,2680,84
8/18/2021 13:37:08,A1PTH9KTRO06EG,cfec8b365d874b18a765ce4afd83b125,isolation,0.3,0,20,14,70,21,9.87,1457,53
8/18/2021 13:38:32,A2WGW5Y3ZFBDEC,e195e7359d4c4557a26c6130a30d5f88,obama,0.75,1,21,14,67,2,12.02,2241,78
8/18/2021 13:50:52,A3VEF4M5FIN7KH,5d97592b669a4155b2f8d7308d649c0d,pig,0.3,0,28,13,46,11,18.82,3491,78
8/18/2021 13:59:16,A2ONILC0LZKG6Y,2043279d646845e9b3875b5d0a66d610,shapeshifter,0.75,1,11,8,73,36,19.17,3708,82
8/18/2021 14:21:20,A2WGW5Y3ZFBDEC,b185f407365540f2bc3e32d45bb3d154,pig,0.3,0,22,16,73,33,12.17,2242,68
8/18/2021 14:22:27,A2QX3YJXAAHHVV,66a790d09bc345608cb23e4bed92bd7a,sideeffect,0.3,0,24,14,58,63,16.08,1170,54
8/18/2021 14:30:56,A1PTH9KTRO06EG,d301787ad1c14454943032e70f5f46f0,bee,0.75,1,30,25,83,11,10.61,1696,53
8/18/2021 14:37:44,A2WGW5Y3ZFBDEC,ae3a87fc6c5e4c18897f71b93d670529,pig,0.3,0,22,16,73,19,11.42,1648,72
8/18/2021 1:02:16,A2WGW5Y3ZFBDEC,d2938c7114bb4f228ae7e3e801e2165b,dad,0.75,1,18,13,72,14,10.81,1585,53
8/18/2021 1:12:58,A1WKF2VH7TV0H2,a339f26845ca4af6841501de1929b6d7,sideeffect,0.75,1,2,2,100,3,6.95,760,87
8/18/2021 1:25:50,A1WKF2VH7TV0H2,05dd6e0c70cd41caacfcc3d44beca27b,mana,0.3,0,2,2,100,16,11.84,1054,84
8/18/2021 1:51:36,A2WGW5Y3ZFBDEC,ad4eeaa42cea40e7b278d61f1505ef7f,bee,0.75,1,13,12,92,4,10.22,1826,73
8/18/2021 1:53:00,A1QUQ0TV9KVD4C,ccbcf12b87b04596848a5091118c49d9,bee,0.3,0,18,14,78,0,10.21,1312,70
8/18/2021 23:22:03,A3O5RKGH6VB19C,12c0273868a84564a5f001c3c086f69f,pig,0.75,1,3,2,67,3,9.96,1748,96
8/18/2021 23:32:52,A3O5RKGH6VB19C,7b7b1b40027c4974ade1850596e6726f,bee,0.3,0,7,5,71,5,9.95,2329,82
8/18/2021 23:43:42,A3O5RKGH6VB19C,876a292223a74b1a8ad5525d93b26d69,obama,0.3,0,9,8,89,5,9.63,2062,73
8/18/2021 23:54:21,A3O5RKGH6VB19C,1da7eb35b68842dc9b5017abaf1359d4,dad,0.3,0,9,6,67,0,9.33,1660,80
8/18/2021 2:05:28,A1QUQ0TV9KVD4C,676557098dfe452d88e87d3a01b5100b,dad,0.3,0,18,11,61,1,10.35,1760,82
8/18/2021 2:12:55,A1WKF2VH7TV0H2,f8fd4fb1d3ae456a8a5dddefc9389aa3,bee,0.75,1,2,2,100,7,10.04,563,86
8/18/2021 2:14:43,A1PBRKFHSF1OF8,fc1a28ed73b6450c8a4b9fe3b6349257,bee,0.3,0,6,6,100,0,10.5,1760,80
8/18/2021 2:15:38,A2WGW5Y3ZFBDEC,e5c079dbe9104da4ae1d7b8f7cd3be3d,sideeffect,0.75,1,19,14,74,25,11.15,2029,71
8/18/2021 2:18:25,A1QUQ0TV9KVD4C,5b7f010672c4459e86b69d0fc99f0509,bee,0.3,0,25,24,96,0,10.26,1469,53
8/18/2021 2:30:11,A1QUQ0TV9KVD4C,309c885c1f7e483681d807a14b36c831,dad,0.75,1,15,11,73,0,10.04,1364,64
8/18/2021 2:42:05,A1QUQ0TV9KVD4C,48058b31f2ea4797bc9dcc40ab9ee2f1,dad,0.3,0,19,13,68,4,10.2,1631,68
8/18/2021 2:53:57,A1QUQ0TV9KVD4C,7b0cd9f4cae6467ca5bcd8c5e0aed9e6,isolation,0.75,1,14,12,86,2,9.81,1189,56
8/18/2021 3:05:39,A1QUQ0TV9KVD4C,dcf08dcc251f48109e68b46ffc0561d6,dad,0.75,1,18,12,67,0,10.2,1667,76
8/18/2021 3:12:53,A2EED3HLTA96CP,f7156d363a5d45ea9f0171bc468277b7,isolation,0.75,1,11,10,91,44,11.13,1241,59
8/18/2021 3:16:56,A1QUQ0TV9KVD4C,89d3dfa041f54a32ba310a2b34a4055e,bee,0.3,0,21,20,95,0,9.58,1568,61
8/18/2021 3:26:45,A3DUPRZSMU9W5R,94e6de534f4b4e2d965348fc3f4e317d,bee,0.75,1,7,6,86,4,12.84,2639,87
8/18/2021 3:28:23,A1QUQ0TV9KVD4C,ff21eabc9606411ba8cd583fdcdfe72c,isolation,0.75,1,18,15,83,2,10.22,1540,64
8/18/2021 3:36:51,ASVRLMDNQBUD9,4188274e748741b7be255974e7b1f6d9,mana,0.3,0,5,3,60,8,10.46,1543,82
8/18/2021 3:40:03,A3DUPRZSMU9W5R,c99f8c2465da42cc91498fd9d99e360b,isolation,0.75,1,4,3,75,2,11.07,2588,91
8/18/2021 3:47:28,A2EED3HLTA96CP,5a79775f3b054f82a6cb92319da17db5,sideeffect,0.75,1,9,6,67,54,9.86,1184,67
8/18/2021 3:47:43,A1QUQ0TV9KVD4C,63ab89c6ca594ea0a80519442ac4c27b,sideeffect,0.75,1,19,18,95,0,10.17,1402,56
8/18/2021 3:54:42,A3DUPRZSMU9W5R,f4aa98d6f88649e786c95c9c77960a26,dad,0.75,1,6,5,83,0,12.18,2992,89
8/18/2021 4:03:00,A1PTH9KTRO06EG,d79796ab007244e8abb0ff2efda4a92a,isolation,0.75,1,6,2,33,7,10.08,1687,89
8/18/2021 4:03:13,A1QUQ0TV9KVD4C,2a907d5c4723445c9c9653cb1ba65876,isolation,0.3,0,23,21,91,3,9.96,1312,54
8/18/2021 4:15:05,A1QUQ0TV9KVD4C,9500323928c249d5851b8e56a2362537,sideeffect,0.75,1,17,16,94,0,10.37,1502,62
8/18/2021 4:27:18,A1QUQ0TV9KVD4C,642f60be7fc54530a6b80ad4bd7fb6d9,dad,0.75,1,13,11,85,10,9.93,1363,67
8/18/2021 4:28:32,A1WKF2VH7TV0H2,a1fa02bf79464edb893ec5b1b5fa1908,shapeshifter,0.3,0,2,2,100,2,5.39,681,92
8/18/2021 4:31:49,A3DUPRZSMU9W5R,672cbc4dddf545218344122b24e3fd7a,sideeffect,0.3,0,15,12,80,8,11.02,2338,79
8/18/2021 4:39:50,A1QUQ0TV9KVD4C,e257561129954362be03dc09727ad7a8,isolation,0.75,1,12,9,75,0,9.71,1168,64
8/18/2021 4:40:31,ASVRLMDNQBUD9,adb2b2bbd3fb48fa8433ee84a26949a5,reincarnation,0.75,1,4,4,100,12,10.71,1603,82
8/18/2021 4:44:43,A3DUPRZSMU9W5R,8ca7402df5f646c3adb963acabde457f,bee,0.3,0,15,12,80,0,10.76,2542,74
8/18/2021 4:47:30,A3MYPYBVHX7FQ2,be2644ed7bc34c438c36bf80db400c9c,reincarnation,0.75,1,11,6,55,110,12.02,1429,77
8/18/2021 4:51:03,A2EED3HLTA96CP,1c7dcfd367a343449113516e395fed55,reincarnation,0.3,0,16,16,100,37,9.72,1324,61
8/18/2021 4:51:25,A1QUQ0TV9KVD4C,94492b7851ad432da7385f1bb6d18fe8,sideeffect,0.3,0,23,20,87,0,9.8,1544,61
8/18/2021 4:56:17,ASVRLMDNQBUD9,2bb646dbeedc487c9bab6b1d5db5b5fc,isolation,0.75,1,5,5,100,14,10.99,1434,84
8/18/2021 5:03:02,A1QUQ0TV9KVD4C,aa259a5e72c5426ebaa0b2ef7be4aed7,sideeffect,0.3,0,26,22,85,0,10.11,1957,69
8/18/2021 5:25:14,A3OLRWACCCCUTU,3d6d562a736a49509c20be372a83d111,mana,0.3,0,6,6,100,17,22.28,3379,85
8/18/2021 5:25:56,A3MYPYBVHX7FQ2,138dd7338a0f480584ca1deddb32f6b7,dad,0.75,1,11,6,55,6,14.16,1898,86
8/18/2021 5:27:05,A1PTH9KTRO06EG,49aef8c68d984985b66227f394ee28c2,bee,0.3,0,35,27,77,27,10.09,1258,38
8/18/2021 5:27:40,ASVRLMDNQBUD9,34f5ead6ffce44cfbdbd9cd0ef47f0c5,bee,0.75,1,8,8,100,16,12.06,1540,77
8/18/2021 5:34:17,APRZ7BR8C0ZMQ,575d39d6fb394e859cb5c29fd5ad876e,isolation,0.75,1,3,3,100,2,11.39,2466,93
8/18/2021 5:41:36,A2EED3HLTA96CP,8ead784ec05844608febc56ca283a595,reincarnation,0.75,1,20,19,95,79,11.7,1167,48
8/18/2021 5:55:02,A3MYPYBVHX7FQ2,7e400fae43e543b0a6719cc2974029de,pig,0.3,0,6,6,100,119,12.25,1925,84
8/18/2021 6:05:00,ASVRLMDNQBUD9,f1c5ca52c9754a37b10dce55cf5113e2,bee,0.3,0,6,5,83,6,10.96,1460,88
8/18/2021 6:09:02,A3DUPRZSMU9W5R,6840e511d899433ea125410c709f6ed5,dad,0.75,1,10,8,80,3,10.96,2401,79
8/18/2021 6:19:47,A3MYPYBVHX7FQ2,84d37eaac05e42fd84fda709a661cf51,isolation,0.75,1,5,5,100,126,11.47,2214,86
8/18/2021 6:19:56,A2QX3YJXAAHHVV,36a7437e63c64ad99a8e4cc9433a7be1,isolation,0.75,1,34,28,82,30,11.1,988,18
8/18/2021 6:27:10,A2EED3HLTA96CP,8fe89e287cd748548d5dba507c343713,isolation,0.3,0,13,12,92,53,10.98,1239,65
8/18/2021 6:30:54,A3DUPRZSMU9W5R,b7bbabfaabda406ba45cd152872abf82,sideeffect,0.75,1,8,5,62,2,10.8,2701,88
8/18/2021 6:32:04,A1PTH9KTRO06EG,b05576e3cea342e6a8a9c460718875b0,sideeffect,0.3,0,3,3,100,5,9.61,1977,87
8/18/2021 6:35:48,ASVRLMDNQBUD9,42ea34cfb3954bfebc704486cb3462e3,dad,0.75,1,5,5,100,18,10.04,1253,80
8/18/2021 6:46:36,A2QX3YJXAAHHVV,7b2436bbf42d4c529fdcc62a83329e83,mattdamon,0.3,0,18,9,50,60,15.36,1878,73
8/18/2021 6:49:05,A3MYPYBVHX7FQ2,68b5778423c44a4fb9a48f9a63890b7b,sideeffect,0.3,0,11,8,73,58,10.19,1636,83
8/18/2021 7:00:20,ASVRLMDNQBUD9,d080eb9e0389497685a76d4e63148fad,sideeffect,0.3,0,7,5,71,8,10.99,1327,79
8/18/2021 7:09:49,A2QX3YJXAAHHVV,609f971913b14a89b36076dc038bf02f,isolation,0.75,1,12,6,50,39,10.9,1572,64
8/18/2021 7:19:03,A2ONILC0LZKG6Y,84b6f64b8ee84162927b65fe69374fa0,pig,0.75,1,10,8,80,40,12.46,1948,84
8/18/2021 7:25:46,ASVRLMDNQBUD9,8d9a97731918431e8dd6560adb8cd0fa,isolation,0.3,0,7,7,100,43,11.19,1314,76
8/18/2021 7:28:07,A3MYPYBVHX7FQ2,f3f02425b9904e5b8084c47c1c6d2a42,pig,0.75,1,7,7,100,9,10.59,2170,80
8/18/2021 7:52:40,A2QX3YJXAAHHVV,88daaed513824fbd9c77746eec7862d9,isolation,0.3,0,13,13,100,13,10.25,456,16
8/18/2021 7:56:24,A2ONILC0LZKG6Y,c28981a2c8af4ccdb127d3a74ca363ac,dad,0.75,1,13,6,46,13,15.13,2583,87
8/18/2021 8:00:07,A3MYPYBVHX7FQ2,f3bd97b3642443f0869190c50ad0b771,mattdamon,0.3,0,6,4,67,26,9.93,1431,79
8/18/2021 8:02:17,A2FYFCD16Z3PCC,df6068305d29453eb22a51d46085e197,mattdamon,0.3,0,4,4,100,18,9.17,1863,82
8/18/2021 8:36:05,A1PTH9KTRO06EG,b7687cecbf6c4c18a04b5b0b9b031cf4,dad,0.75,1,15,11,73,10,10.17,1973,76
8/18/2021 8:47:23,A3DUPRZSMU9W5R,0c7bfadbd8db49b4b793e2a46e581759,sideeffect,0.75,1,16,14,88,0,10.36,2127,61
8/18/2021 9:18:58,A3DUPRZSMU9W5R,4be21e1efc0b433bb4c32954340f3da6,isolation,0.3,0,15,8,53,3,10.53,2511,75
8/18/2021 9:36:34,A2EED3HLTA96CP,4c4d61576ba44e75b7b9b52e4d361e78,pig,0.3,0,15,13,87,59,11.27,1051,57
8/18/2021 9:39:39,A3MYPYBVHX7FQ2,7b3266e380274b95b5a7b775dd937da6,bee,0.75,1,8,7,88,0,10.69,1905,78
8/18/2021 9:41:47,A1PTH9KTRO06EG,a345a395300d44a5862012539e015002,dad,0.3,0,7,6,86,4,10.18,2876,90
8/18/2021 9:44:35,A3OLRWACCCCUTU,cf41b69d79a14f2ea9c8179de2f84479,isolation,0.75,1,7,6,86,2,9.62,2133,71
8/18/2021 9:45:29,A2QX3YJXAAHHVV,f878effe792c4076a90bf4b69daf33e7,sideeffect,0.3,0,16,7,44,53,10.36,1258,77
8/19/2021 0:04:52,A3O5RKGH6VB19C,ba1b42a591f4447596e99b6c0a5164b3,pig,0.3,0,4,2,50,0,9.11,1761,92
8/19/2021 0:15:33,A3O5RKGH6VB19C,e1bbde599aba419990efb136ec4ece38,sideeffect,0.75,1,5,4,80,6,9.19,2159,84
8/19/2021 0:37:32,A3O5RKGH6VB19C,1bf54732c8a34ff6bc71dcfe7357629a,mattdamon,0.75,1,6,4,67,4,9.75,2466,82
8/19/2021 10:31:49,A2ONILC0LZKG6Y,87c2c42b2a80400ebcedfacc68b767ef,reincarnation,0.75,1,11,9,82,22,11.13,1873,80
8/19/2021 11:39:33,A2ONILC0LZKG6Y,e416e61f2c7340c39290176e896de226,mana,0.3,0,13,6,46,23,14.84,2260,87
8/19/2021 14:38:36,A2OVOVZBJYUO,949e2852c2a74afa83eb332ccd301159,obama,0.75,1,6,4,67,29,9.92,1326,86
8/19/2021 14:46:01,A2WGW5Y3ZFBDEC,74517c6eb89c46fab708de3e3d7c53db,sideeffect,0.3,0,16,8,50,16,10.55,1989,78
8/19/2021 16:09:39,A2FCQ5K0T1PYHS,9d363533d9734263b3feda158f5cfb69,shapeshifter,0.75,1,3,2,67,0,10.48,3321,97
8/19/2021 16:42:14,A2WGW5Y3ZFBDEC,34d7c1032151410583aa9069286104d6,isolation,0.75,1,18,15,83,12,11.62,2121,59
8/19/2021 17:05:14,AZLZA0Q87TJZO,9b1d2408672e4e8595c322bc04146995,reincarnation,0.3,0,14,10,71,32,10.44,2213,67
8/19/2021 17:13:37,A2WGW5Y3ZFBDEC,f591e24cf57d412a94e2c0fd523a003c,dad,0.3,0,15,10,67,17,10.07,1774,78
8/19/2021 17:35:52,A2WGW5Y3ZFBDEC,473095c2040f4c049e18e41e3c887784,bee,0.3,0,23,19,83,24,11.23,1790,61
8/19/2021 18:13:58,A2WGW5Y3ZFBDEC,c86ee4fe34954bd7b183d8a5068255da,bee,0.3,0,16,13,81,87,11.05,1913,72
8/19/2021 19:39:00,AFIK3VBMMX6G6,4ae07eece3a740de9b77f65ae67a10ad,mattdamon,0.75,1,9,9,100,25,10.22,1110,51
8/19/2021 20:38:32,A3O5RKGH6VB19C,b5612ede07954874974dfa8a6a921a8b,isolation,0.75,1,6,5,83,2,9.33,1590,73
8/19/2021 21:02:23,A3O5RKGH6VB19C,396eb60f16924286997ddd4db4517074,mattdamon,0.3,0,6,5,83,2,9.46,1657,79
8/19/2021 21:13:27,A3O5RKGH6VB19C,8231b08c98d34682b96603ad677c4806,bee,0.75,1,5,5,100,9,9.31,1823,85
8/19/2021 21:24:11,A3O5RKGH6VB19C,ce2b86e8e9264ab8b1b5a14c1fb0dad4,obama,0.75,1,3,3,100,4,9.65,2218,93
8/19/2021 21:34:42,A3O5RKGH6VB19C,bd761f35e22b41bcb90697aa4c0050e0,sideeffect,0.75,1,5,4,80,10,9.12,1601,85
8/19/2021 21:45:25,A3O5RKGH6VB19C,7e7ec06df61a456c8574f64dd26389a5,dad,0.3,0,7,5,71,4,9.87,1709,88
8/19/2021 21:56:08,A3O5RKGH6VB19C,dc2078ed9a2d4ebd84853c014639bd1f,sideeffect,0.3,0,2,1,50,2,9.28,2421,98
8/19/2021 7:39:25,A2ONILC0LZKG6Y,a083b39bf3744dcb9cf43434322dbe1b,reincarnation,0.3,0,15,8,53,13,14.77,2121,82
8/19/2021 8:16:03,A2ONILC0LZKG6Y,6d202d48002c43bcaf2d3bd441a3a757,mana,0.3,0,8,7,88,74,16.58,3023,88
8/19/2021 8:49:25,A2ONILC0LZKG6Y,c099bd036e4845fb9f52fca38141ac93,isolation,0.3,0,14,7,50,19,13.01,2064,82
8/19/2021 9:50:32,A2ONILC0LZKG6Y,e192ae618004434e80f6d9ac86b84b05,sideeffect,0.3,0,11,8,73,26,16.61,2712,83
8/20/2021 0:15:00,A3O5RKGH6VB19C,815f2133a4634d7b88b1697b1f8a5d1e,isolation,0.75,1,8,7,88,9,9.26,1268,63
8/20/2021 0:36:06,A2WGW5Y3ZFBDEC,f9a09da62e19479d8b2c31d3a494f11b,dad,0.75,1,25,18,72,29,13.09,2233,64
8/20/2021 0:44:26,A1S5KQVM900NE,d55f92da75db4afbbf0cb0bff4cae8c0,isolation,0.3,0,15,13,87,353,22.93,3965,70
8/20/2021 10:13:01,A2EED3HLTA96CP,f6aee07eece340eca425fbfe1d439a0c,sideeffect,0.75,1,9,6,67,50,9.78,1152,67
8/20/2021 11:02:54,A2EED3HLTA96CP,57f0dbe735624c44b58c67e78a31caa6,bee,0.3,0,16,15,94,58,10.37,1369,56
8/20/2021 11:24:43,A2EED3HLTA96CP,93743bc8b6f94308881cff7cf90ad421,pig,0.75,1,12,11,92,68,9.81,904,54
8/20/2021 12:01:46,A2EED3HLTA96CP,46be40f9d65c4a8f8d924ac992f81376,dad,0.75,1,24,15,62,70,11.38,1045,45
8/20/2021 13:45:11,A2WGW5Y3ZFBDEC,215614c386144ae0a054e770c4a533f2,bee,0.75,1,18,17,94,8,10.12,1651,69
8/20/2021 13:58:10,A2WGW5Y3ZFBDEC,50b12e356bc94c72bec03b35dea37fb2,isolation,0.3,0,28,22,79,20,11.11,1419,40
8/20/2021 15:46:14,A2YTQDLACTLIBA,7e3839abe7334df698bb48e0d5561ab4,dad,0.75,1,5,3,60,18,10.19,1336,82
8/20/2021 16:41:55,A2YTQDLACTLIBA,f019def862094e0fb2a5016674603d83,bee,0.3,0,6,4,67,8,10.13,1449,89
8/20/2021 17:53:04,A2WGW5Y3ZFBDEC,d2c71212ed1446a79b5d404def4239a9,sideeffect,0.3,0,28,18,64,27,10.16,1668,62
8/20/2021 18:05:13,A2WGW5Y3ZFBDEC,9e0576b5ce9945a5909edad67b3c3be8,dad,0.3,0,34,26,76,39,10.58,1906,61
8/20/2021 1:25:52,A1S5KQVM900NE,b6acb37208be4f3e96965f989fd6f9fb,sideeffect,0.75,1,13,13,100,351,24.35,3792,73
8/20/2021 22:51:01,A2WGW5Y3ZFBDEC,f44e4ed0828e40abab5892a019e11dc0,bee,0.3,0,23,20,87,16,10.25,1562,64
8/20/2021 23:18:56,A2WGW5Y3ZFBDEC,45799f2892fb4aa09cd94625f1ba8ea2,sideeffect,0.3,0,26,18,69,13,10.98,1925,65
8/20/2021 3:31:39,ASVRLMDNQBUD9,2d9bcb435a994711829fe6b05f256fdb,sideeffect,0.75,1,5,4,80,5,11.44,1671,80
8/20/2021 3:47:47,ASVRLMDNQBUD9,fa039fa4741a4a53a7afa9ed1deac769,dad,0.3,0,7,4,57,2,12.03,1341,85
8/20/2021 4:23:35,ASVRLMDNQBUD9,ba931f5050e7409ebba26e00d532cc7c,isolation,0.3,0,6,2,33,31,11.3,1576,95
8/20/2021 4:37:31,ASVRLMDNQBUD9,b48593a56908434488ca3c140744c642,dad,0.75,1,7,7,100,40,10.91,1473,76
8/20/2021 5:03:29,ASVRLMDNQBUD9,484eba21615341fab99300bfe20873fb,mattdamon,0.75,1,5,5,100,99,10.73,1540,69
8/20/2021 5:34:12,ASVRLMDNQBUD9,61b701c8a98542bb9c1c9682478fdfe6,obama,0.3,0,9,7,78,69,11.09,1391,80
8/20/2021 7:09:34,ASVRLMDNQBUD9,45c57b13f71640fdb17c555a58f2c66b,pig,0.3,0,8,7,88,48,10.37,1218,76
8/20/2021 7:23:31,ASVRLMDNQBUD9,a8c30083f77c4b94a0d4e72b4ed25114,isolation,0.75,1,7,6,86,35,10.16,1174,64
8/20/2021 9:04:54,A2ONILC0LZKG6Y,bb4c49c8ca6d4b818262cf983e1e2a84,bee,0.3,0,11,11,100,25,12.15,2076,78
8/20/2021 9:34:57,A2ONILC0LZKG6Y,fc9761dd283c460c850fe1733c62247a,bee,0.3,0,10,7,70,46,12.77,2271,83
8/20/2021 9:55:27,A2EED3HLTA96CP,59ac3d8b33d64c2c8d91c264fdf4c1da,mana,0.3,0,7,3,43,61,10.17,1435,86
8/21/2021 14:07:11,A394JO4NEPCY3M,0ff12af0651e4b0eaf88e22e82058137,isolation,0.75,1,4,4,100,0,9.81,1615,84
8/21/2021 18:51:30,A3OLRWACCCCUTU,5773114053f147a69bd6790843ea4fd8,pig,0.3,0,9,5,56,13,11.89,2560,90
8/21/2021 20:52:02,A3O5RKGH6VB19C,93a0f456389043b787013a489df403ad,isolation,0.3,0,3,2,67,2,9.41,1467,88
8/21/2021 21:01:49,A3O5RKGH6VB19C,9747a45190cc48ae8634b5070735c11b,reincarnation,0.3,0,2,1,50,8,9.47,1606,92
8/21/2021 21:55:36,A3O5RKGH6VB19C,e6011509fc00436ab743f12fa6a27714,dad,0.75,1,3,3,100,3,9.25,1405,81
8/21/2021 22:11:01,A3O5RKGH6VB19C,27b13d9fcfad4e4081c56f8bf2817b72,mattdamon,0.75,1,2,0,0,0,9.62,2227,100
8/21/2021 22:59:37,A3O5RKGH6VB19C,e4de659d6e5a44eca6c88b18dc300d70,obama,0.75,1,1,0,0,3,9.41,2446,100
8/21/2021 23:24:37,A3O5RKGH6VB19C,a87286598bc54313b39f6ce6013541bf,mana,0.75,1,2,2,100,7,9.09,1357,86
8/22/2021 0:02:19,A3O5RKGH6VB19C,bb89b8b76a9847f9ba0d7e67fc4fc23e,sideeffect,0.3,0,1,0,0,11,9.27,1462,100
8/22/2021 0:14:18,A3O5RKGH6VB19C,8485dc74018447939e7fd20e351b63c9,bee,0.3,0,1,1,100,3,9.16,1570,97
8/22/2021 0:36:37,A1S5KQVM900NE,91df9236813c406092e3fb6dcf15bc16,mana,0.75,1,13,12,92,214,20.27,3376,74
8/22/2021 11:52:36,A3MYPYBVHX7FQ2,12b63e9bbb204e43a40cb95aa7a44b17,bee,0.3,0,12,10,83,110,11.19,1922,78
8/22/2021 14:47:12,APRZ7BR8C0ZMQ,9dc3070beb854b7db6c55d083cd41611,mana,0.3,0,2,2,100,2,12.11,2513,94
8/22/2021 15:05:14,A2OVOVZBJYUO,ee760edb666e4f46aedee408975a9c9d,dad,0.75,1,14,9,64,7,10.72,1262,79
8/22/2021 18:50:39,A1VZSFHTU51JP0,4181c7d35eff4eceb4aad545dd2a9273,dad,0.3,0,5,3,60,8,9.85,1725,90
8/22/2021 1:44:13,A1S5KQVM900NE,93cd61b41e0f46dd8af1468977c91ef7,obama,0.75,1,14,14,100,622,31.61,6622,82
8/22/2021 20:25:37,A1VZSFHTU51JP0,83fd21afaaf9416180e3174284de4ce1,mattdamon,0.75,1,4,4,100,32,11.3,2196,88
8/22/2021 20:31:55,A3O5RKGH6VB19C,92532185a1a447e09fc3843b26c520db,pig,0.3,0,0,0,0,6,9.41,1870,100
8/22/2021 20:42:10,A3O5RKGH6VB19C,0ce718a22fd341feb59ef4f7aede8827,mattdamon,0.75,1,0,0,0,2,9.53,1822,100
8/22/2021 21:00:48,A3O5RKGH6VB19C,af65522335f442adb473691320ba5f09,isolation,0.75,1,1,1,100,3,9.11,2001,94
8/22/2021 21:41:25,A1VZSFHTU51JP0,ddcc9eff5afa41889aa05c3025b604a6,pig,0.3,0,3,3,100,18,11.24,1914,89
8/22/2021 22:20:57,A1VZSFHTU51JP0,3195d0bf415e43d38448950220164982,bee,0.3,0,5,5,100,33,11.67,1817,85
8/22/2021 22:42:17,A1VZSFHTU51JP0,ed0280fb0f114ead8a22516a8309f982,mana,0.3,0,5,3,60,4,10.33,1992,88
8/22/2021 22:55:14,A3O5RKGH6VB19C,734cbb77f63544e5bce5a23f35c9f601,bee,0.3,0,2,2,100,4,9.38,2214,93
8/22/2021 2:29:24,A2EED3HLTA96CP,047e78f3d0a94ea4a3433d4358b53adf,shapeshifter,0.3,0,19,15,79,55,11.53,1447,60
8/22/2021 2:42:38,A2EED3HLTA96CP,eecd784a495648f4a5b160beba42dd0b,dad,0.3,0,20,17,85,31,9.67,1299,71
8/22/2021 3:11:02,A2EED3HLTA96CP,8bafd5acfb7343308b5195092c4c4de5,sideeffect,0.3,0,13,12,92,88,11.16,1386,62
8/22/2021 3:28:55,A2EED3HLTA96CP,1d9be0e721ca4537a2cd16c0a0fd7630,bee,0.3,0,28,18,64,77,12.68,1484,60
8/22/2021 4:05:10,A2EED3HLTA96CP,67c022f81e3f415eae224f368cca7c3d,isolation,0.75,1,20,15,75,57,10.88,896,37
8/22/2021 4:45:06,A3OLRWACCCCUTU,d16a6136b82b42eba1e61ff0a4ac3293,shapeshifter,0.3,0,11,8,73,5,20.59,5101,94
8/22/2021 5:01:02,A2EED3HLTA96CP,38375f5155704d2d8509843e56ec029d,mattdamon,0.75,1,20,18,90,63,9.99,1112,51
8/22/2021 5:58:16,APRZ7BR8C0ZMQ,d6918db6b5c8463c8bf5943e1b68acb6,obama,0.75,1,4,2,50,3,12.56,2512,98
8/22/2021 6:16:54,A2EED3HLTA96CP,bd632b8b53394b32a6dba18848f787a4,mattdamon,0.3,0,14,7,50,81,11.03,1202,73
8/22/2021 6:57:00,A3MYPYBVHX7FQ2,725f9e4adc1a4532a34c755cdbf0f5f2,obama,0.3,0,12,12,100,5,10.24,1862,77
8/22/2021 8:35:47,A2EED3HLTA96CP,ed645ae457f04bdda9562f4aa0003ce1,mana,0.75,1,14,11,79,78,11.8,1296,61
8/23/2021 10:08:00,A2QX3YJXAAHHVV,fbb2199fa78647cbb4eeb94c4bd04d98,bee,0.75,1,47,30,64,40,10.06,606,9
8/23/2021 10:27:58,A1VZSFHTU51JP0,d4a257392aa84174be6166c9c664caae,isolation,0.3,0,6,3,50,2,10.37,2005,91
8/23/2021 10:28:32,A2QX3YJXAAHHVV,635b514b259d47f2b474189aeea5e5c0,dad,0.75,1,21,13,62,45,11.65,1365,68
8/23/2021 10:43:29,A2OVX9UW5WANQE,8db452c23eba4955b778ef8e1f992d40,isolation,0.75,1,14,7,50,7,10.18,950,62
8/23/2021 10:50:41,A2QX3YJXAAHHVV,4efb9d8419ee42a3b2ec99f01f94e0a6,mattdamon,0.75,1,40,31,78,40,13.99,1502,37
8/23/2021 11:00:17,A2ONILC0LZKG6Y,a96faa69af9e4ad4a252760ed12177aa,pig,0.3,0,39,15,38,9,15.29,2655,75
8/23/2021 11:13:51,A2QX3YJXAAHHVV,7c1e066d0c9c4901921cab117a0b7e73,shapeshifter,0.3,0,43,30,70,52,14.64,1504,36
8/23/2021 11:46:36,A1VZSFHTU51JP0,3b6bdac8643a446989473560476d77a5,reincarnation,0.75,1,7,7,100,3,10.73,1954,78
8/23/2021 12:03:50,A3MYPYBVHX7FQ2,5d3c9dbeb3e04c82ac88501a6668d530,mana,0.3,0,11,11,100,8,11.18,1858,76
8/23/2021 12:11:25,A2QX3YJXAAHHVV,6395e22e141c4ee0bf233b95a63a61ea,mattdamon,0.75,1,27,17,63,19,10.66,687,23
8/23/2021 12:47:13,AFIK3VBMMX6G6,af3a9e8494e54fa0a28ecb7267f02018,bee,0.3,0,10,8,80,7,9.85,1391,76
8/23/2021 13:06:58,A3MYPYBVHX7FQ2,57514b6dd0764421a04c0b7a640c926b,reincarnation,0.75,1,10,8,80,108,10.74,2110,79
8/23/2021 13:39:09,A3MYPYBVHX7FQ2,79757c30997549af8a2d741ed49ff453,mattdamon,0.75,1,13,11,85,0,11.32,1897,62
8/23/2021 17:36:09,A3P9TM5PRYBH90,7f9c5917c21f49ffb83d155fcc268ce9,sideeffect,0.3,0,5,4,80,15,12.56,1361,81
8/23/2021 17:53:13,A3P9TM5PRYBH90,b01c3090a9204cc2a74830b611722d53,mana,0.3,0,6,3,50,12,11.2,1353,78
8/23/2021 19:13:57,A1VZSFHTU51JP0,9c397f7fd7a04f829c055d2f7f5ee160,isolation,0.75,1,8,6,75,2,12.11,1945,83
8/23/2021 19:27:49,A2ONILC0LZKG6Y,67e2ebb79ef7428db8828883d135c55f,mattdamon,0.75,1,13,10,77,26,10.76,1867,74
8/23/2021 19:35:17,AFIK3VBMMX6G6,b6936e96569b4b878e78370c516df55b,bee,0.3,0,10,9,90,12,9.96,1522,78
8/23/2021 20:18:08,A1VZSFHTU51JP0,a13794ea66e341029357b1065e0e13b2,bee,0.75,1,7,5,71,120,12.01,1953,88
8/23/2021 20:24:54,A2ONILC0LZKG6Y,8aaeed79e40d463dbc24a84ec0784b64,sideeffect,0.75,1,10,9,90,46,15.81,3116,80
8/23/2021 21:51:17,A2OVOVZBJYUO,200b5a62bded44f6ba8320c117bee58a,reincarnation,0.75,1,16,11,69,30,10.73,1672,73
8/23/2021 21:51:31,A1E235KE3CSO7H,b3a1b8cfb7d94eb3a615600d440a0bc1,dad,0.75,1,5,2,40,8,10.02,1530,93
8/23/2021 22:04:14,A2OVOVZBJYUO,5221640d7c074d4a88f42e3891135350,pig,0.75,1,22,20,91,15,10.66,1403,46
8/23/2021 22:16:38,A3P9TM5PRYBH90,9805d172a4e64a0f9c1fd87e2c2f093a,shapeshifter,0.3,0,4,4,100,7,11.03,1523,80
8/23/2021 22:28:05,A2OVOVZBJYUO,301899b1e6be4d77b5995d94546a55ed,shapeshifter,0.75,1,14,12,86,18,10.05,1583,66
8/23/2021 22:32:19,A3P9TM5PRYBH90,7481e5512d9f40959eebccd763d6ff87,shapeshifter,0.75,1,5,5,100,4,11.22,1594,78
8/23/2021 22:50:14,A3P9TM5PRYBH90,6861c7f0f19645ffb563275d11fad363,pig,0.3,0,4,4,100,13,12.91,1559,85
8/23/2021 2:03:07,A1S5KQVM900NE,b30d52ea5e7346b19568167cfd2e47c0,bee,0.3,0,24,20,83,328,22.88,4280,67
8/23/2021 3:11:22,A3MYPYBVHX7FQ2,cef96a7714dd4388a3d30fa893191ec3,isolation,0.3,0,10,7,70,65,10.93,2331,84
8/23/2021 5:55:58,A2OVX9UW5WANQE,e2ccab5b997f4aa19f39ffdb86be4151,obama,0.3,0,15,10,67,0,10.53,1422,68
8/23/2021 6:08:17,A1PTH9KTRO06EG,c3c445a6c1d34b329ec1ef4acfddd30d,bee,0.3,0,5,4,80,13,10.09,1674,87
8/23/2021 6:11:42,A2QX3YJXAAHHVV,e473b59b1628452f9d7ac68bea6d36ff,sideeffect,0.75,1,8,5,62,48,15.56,2047,92
8/23/2021 6:29:20,A2QX3YJXAAHHVV,f4726c879c9d4e43ab6a63a3d732a988,dad,0.3,0,21,15,71,40,11.04,1276,61
8/23/2021 6:40:51,A2OVX9UW5WANQE,2498ee9c53db4a8ea651ea2b95501ef4,isolation,0.3,0,25,15,60,0,10.27,888,36
8/23/2021 6:47:37,A2QX3YJXAAHHVV,233f1efcf0274acba92f46bf2f8766d2,bee,0.3,0,26,22,85,28,10.66,1150,50
8/23/2021 7:09:48,A1PTH9KTRO06EG,8d732ed8f2cc4bb393aab9f68c82e408,pig,0.3,0,4,2,50,0,11.72,2437,95
8/23/2021 7:11:06,A2QX3YJXAAHHVV,1e6ecfa3fa7c4fd7ad7c10470546f654,obama,0.3,0,31,22,71,35,9.86,1089,39
8/23/2021 7:11:14,A2OVX9UW5WANQE,ec682476ef21423390873e912f6006ae,mana,0.3,0,21,8,38,3,9.7,1016,54
8/23/2021 7:19:44,A2ONILC0LZKG6Y,3a7d0ac2d9c044318903ed715b695d35,mattdamon,0.3,0,12,8,67,73,13.72,2645,83
8/23/2021 7:39:13,A2QX3YJXAAHHVV,ccb5736dcef54a36af942d6f7b06ed82,bee,0.75,1,38,30,79,47,11.23,967,26
8/23/2021 7:55:38,A2QX3YJXAAHHVV,01650a401e614c38a04a904165a5784f,sideeffect,0.3,0,16,9,56,32,9.87,970,53
8/23/2021 7:57:56,A2OVX9UW5WANQE,173cae0bcc714ba29bfeab4004d7fa85,isolation,0.75,1,11,5,45,2,10.71,1106,68
8/23/2021 8:00:50,A1VZSFHTU51JP0,188aef2decc3415eaeba3467fe86116e,mattdamon,0.3,0,4,4,100,3,10.43,2162,90
8/23/2021 8:17:32,A1VZSFHTU51JP0,65936cbe394149c6b24802cad630e2d7,sideeffect,0.3,0,7,5,71,1,10.88,1805,88
8/23/2021 8:24:45,A2QX3YJXAAHHVV,5370cd5a21e94475b4768b176e1014b2,obama,0.75,1,37,36,97,33,12.13,943,19
8/23/2021 8:34:54,A2ONILC0LZKG6Y,1dce7d7b27c34344b7093ba3dc4e47ef,shapeshifter,0.3,0,13,9,69,50,20.03,4047,84
8/23/2021 8:42:37,A2OVX9UW5WANQE,8a74fe9a415d47ae8b92897ef9554e2b,dad,0.75,1,14,7,50,4,9.9,1156,68
8/23/2021 8:43:15,A2QX3YJXAAHHVV,7fbc70830a944d02af8a809cc8a5111b,pig,0.75,1,29,26,90,57,10.7,588,14
8/23/2021 9:09:48,A2OVX9UW5WANQE,e94df2820e7644688623158f859d77ec,dad,0.75,1,14,8,57,28,9.89,1358,75
8/23/2021 9:25:50,A2QX3YJXAAHHVV,6fb96c88e7b942e6b225baa611dd9738,isolation,0.3,0,12,9,75,51,12.52,1078,49
8/23/2021 9:40:32,A3MYPYBVHX7FQ2,a15863f8588b40cd8ba28a171471031f,sideeffect,0.3,0,11,10,91,30,12.82,2393,82
8/23/2021 9:46:48,A2OVX9UW5WANQE,e90a5ce2d98548a997fb8c3ab2213483,sideeffect,0.75,1,26,9,35,14,10.14,1142,54
8/23/2021 9:48:35,A2QX3YJXAAHHVV,1a50c197cf564bf88f386197d1f279d9,bee,0.3,0,39,33,85,28,13.71,1285,35
8/24/2021 10:14:48,A1VZSFHTU51JP0,767134bda38047aab8a6fa3221b6880e,mana,0.75,1,11,10,91,3,10.35,1552,68
8/24/2021 10:54:12,ABL2FXYMI00T6,08fe846a966b49dea381904d0fc6d7a6,isolation,0.3,0,16,11,69,43,10.23,1174,52
8/24/2021 10:57:13,A2PLJREKV92BZN,d82fbce7f1c14deb8d72cde551f2c1a8,obama,0.75,1,4,4,100,7,10.93,2323,88
8/24/2021 11:08:04,ABL2FXYMI00T6,b7786334c02b44e8b062463726e43203,bee,0.3,0,20,15,75,21,10.77,1333,62
8/24/2021 11:17:47,A143XRCI1YXAFE,8fe4b8a137ba4a7abe80e5c005f7490f,obama,0.75,1,10,9,90,22,11.01,3220,84
8/24/2021 11:26:39,ABL2FXYMI00T6,498f1c843ea64e9c8e1d90850b4a676b,obama,0.75,1,23,23,100,19,10.9,1005,28
8/24/2021 12:42:45,A6KOTWP7N7RLU,25742b852b764843b15266008afdc15d,bee,0.75,1,14,13,93,49,12.81,2672,78
8/24/2021 12:57:51,A6KOTWP7N7RLU,53d34e075dc2454ebbc4e4e8878b0d15,dad,0.75,1,14,8,57,200,10.56,2343,81
8/24/2021 13:05:18,A2ONILC0LZKG6Y,ead266bd00fd4423be98ad8176af3a17,dad,0.3,0,30,16,53,71,15.4,2932,80
8/24/2021 13:20:06,A2ONILC0LZKG6Y,13e995bed7f54f46a51f8dea2fd99c16,pig,0.3,0,10,10,100,20,11.68,2260,77
8/24/2021 13:30:17,A3OLRWACCCCUTU,b21c00d7e32543f8a6e1b55574044733,dad,0.3,0,10,6,60,11,14.24,3391,90
8/24/2021 13:32:07,A6KOTWP7N7RLU,e4611bd31b794677b02c52d5700b2e38,reincarnation,0.3,0,11,8,73,84,13.19,3154,86
8/24/2021 13:43:12,A2ONILC0LZKG6Y,d9389125a7624e34a2fde4243f88bdd6,mana,0.3,0,12,10,83,21,12.32,2208,75
8/24/2021 13:48:54,A6KOTWP7N7RLU,7e42d4f3a53b4c3d9a55b6d3a7f7c6cb,isolation,0.75,1,10,6,60,146,12.8,3550,86
8/24/2021 14:04:15,A6KOTWP7N7RLU,4db95dde4eec4612b04570858ad628bf,shapeshifter,0.75,1,6,4,67,70,11.25,2593,87
8/24/2021 14:23:41,A6KOTWP7N7RLU,eabc1c5c071c494ca5b65a3262ed7bbc,mattdamon,0.3,0,6,5,83,46,10.5,2963,81
8/24/2021 14:53:43,A6KOTWP7N7RLU,ea7af12565a149238fc599eba8774c6b,obama,0.75,1,13,11,85,55,11.31,2892,78
8/24/2021 15:13:12,A6KOTWP7N7RLU,c2af9e5faf164318999484aaf8b04de2,sideeffect,0.3,0,7,3,43,50,10.91,3573,94
8/24/2021 15:34:51,A6KOTWP7N7RLU,af58ab552c724ef2bff4dd8108581e1c,mana,0.3,0,8,8,100,55,12.75,3571,82
8/24/2021 18:25:56,A2ONILC0LZKG6Y,6fd6bb19857c4f5d9d615b349fe6087b,dad,0.75,1,17,10,59,24,12.97,2558,76
8/24/2021 18:37:23,A173MXK429XAZQ,bc89dc4ac2a04f3aae685f619bb0fd24,sideeffect,0.3,0,5,5,100,39,17.14,3266,93
8/24/2021 18:43:36,A2ONILC0LZKG6Y,dfbab4c8263444ef9d9e9d25e3e581f4,mattdamon,0.75,1,16,11,69,63,13.06,2196,74
8/24/2021 18:55:48,A1PTH9KTRO06EG,6ccf934ffb284b76b9fa7e57ecabd06b,bee,0.75,1,5,4,80,2,10.62,1353,83
8/24/2021 19:20:04,A2ONILC0LZKG6Y,fb763e77cfa94c7180537892300832e6,sideeffect,0.75,1,29,22,76,31,19.36,3449,73
8/24/2021 1:28:39,AZCGF2D7QIO10,c4e852c4b21b4703a485d93b618361cd,pig,0.3,0,8,7,88,63,14.54,3027,89
8/24/2021 1:46:13,AZCGF2D7QIO10,e139a4f9ea0c4ea3b7b3481eea070f29,mattdamon,0.3,0,9,5,56,84,15.73,3457,93
8/24/2021 21:27:45,A1E235KE3CSO7H,e318e17b6c344ab0978c44c9cfe1ae82,sideeffect,0.75,1,2,1,50,10,11,2024,94
8/24/2021 2:18:09,AUAAHI7AUJ419,487b5640ef074f349ca6850f92cc46ce,sideeffect,0.3,0,7,5,71,114,15.09,2185,77
8/24/2021 2:36:02,AZCGF2D7QIO10,41950f3dbe8c4717b71d57f54c6ae0b7,isolation,0.75,1,11,8,73,42,14.25,3179,88
8/24/2021 2:54:31,AZCGF2D7QIO10,22a12c79a5914030aea6e0aa6d5edefe,mana,0.3,0,4,2,50,41,14.76,2874,96
8/24/2021 4:17:59,A1PTH9KTRO06EG,ccd58d9e5614445c9ee036243195b7cf,isolation,0.3,0,11,5,45,5,10.79,1440,70
8/24/2021 6:23:16,A1PTH9KTRO06EG,9b9d3ecc64fe4b399ad8ed7292a2aca5,dad,0.75,1,3,3,100,5,10.26,1686,87
8/24/2021 7:01:53,A143XRCI1YXAFE,1ec9f48e9a5c40adb8e6062f233df76f,reincarnation,0.75,1,9,7,78,20,9.69,2836,81
8/24/2021 7:22:28,A1VZSFHTU51JP0,d234ccac8f854b599107829ee626158e,pig,0.75,1,5,5,100,85,11.17,1989,88
8/24/2021 7:40:59,A1VZSFHTU51JP0,bc8469a10a154ba8901e1dfc57432882,dad,0.75,1,9,5,56,15,10.42,1611,79
8/24/2021 8:08:39,AM2KK02JXXW48,c68e3e04c564413fab31d6765cba7f77,isolation,0.3,0,4,3,75,3,10.57,1073,84
8/24/2021 8:24:40,AM2KK02JXXW48,657931777f324506a86264da2d0d5793,bee,0.75,1,13,10,77,2,10.77,750,56
8/24/2021 8:35:06,A2ONILC0LZKG6Y,d9905c44ab9a4489a89581f052f34624,bee,0.3,0,17,11,65,45,18.48,3348,85
8/24/2021 9:22:17,A2ONILC0LZKG6Y,ec24291e0d4249d3bfe149ccf6d836bb,sideeffect,0.3,0,13,11,85,31,11.4,1966,70
8/24/2021 9:43:46,A2EED3HLTA96CP,cf17210c31294194a0bf3e3a851a34ea,obama,0.75,1,35,29,83,68,12.45,1209,41
8/24/2021 9:55:27,A2ONILC0LZKG6Y,65002bc1af0b4d27a1b05e85d0090955,isolation,0.75,1,8,7,88,35,13.85,2445,80
8/25/2021 10:44:47,A2ONILC0LZKG6Y,3969517100834dbc813b628a27fed790,bee,0.75,1,10,11,110,34,12.21,1968,65
8/25/2021 11:07:08,A2ONILC0LZKG6Y,d92b90266d8444da9623553a6370cbb8,dad,0.75,1,12,10,83,13,11.77,1740,73
8/25/2021 12:29:29,A143XRCI1YXAFE,7d049bd04eb445fd865f447f243998b4,dad,0.75,1,10,8,80,20,9.48,2805,81
8/25/2021 12:56:36,A3MYPYBVHX7FQ2,b43dca37a1704c10990f320c35f2828f,reincarnation,0.3,0,9,8,89,3,10.79,2375,77
8/25/2021 13:09:22,A2QKAA5YS0P4CI,fb0562d64a314d2088af7d18ea7dc210,sideeffect,0.3,0,9,5,56,22,11.18,1741,75
8/25/2021 13:46:11,A2ONILC0LZKG6Y,72b49bf3c2434ea498475566e09690fb,reincarnation,0.3,0,12,9,75,16,13.29,2421,85
8/25/2021 16:01:36,A2ONILC0LZKG6Y,f6dc009e6d5c4c03a667ca201438077a,isolation,0.3,0,16,12,75,29,11.07,1975,70
8/25/2021 16:24:36,A2ONILC0LZKG6Y,c039bcb6f714453da0b08e92e1000f8d,shapeshifter,0.3,0,11,10,91,44,14.12,2852,85
8/25/2021 19:20:05,A324VBRLXHG5IB,3b6e7a4c9d65411f9342254120abcde7,pig,0.75,1,4,5,125,9,10.84,1445,79
8/25/2021 19:41:39,A1E235KE3CSO7H,ea11db08c0dd4477add459779396a29e,dad,0.75,1,4,3,75,11,10.63,1552,92
8/25/2021 19:55:52,A1E235KE3CSO7H,65db59a7705345ec88f5aafc812951ef,bee,0.75,1,3,1,33,10,10.68,1848,98
8/25/2021 20:22:00,A1198W1SPF1R4,8911f32aab914a1f903bb76300b13949,mana,0.75,1,19,18,95,52,17.16,1649,30
8/25/2021 21:16:05,A3O5RKGH6VB19C,ddb2183ab2224a258be8dd496f662eed,pig,0.75,1,0,0,0,5,9.56,1915,100
8/25/2021 21:56:01,A3O5RKGH6VB19C,3f0f0ddbc9dc46de8ca3622aa4f09119,mattdamon,0.3,0,3,1,33,0,9.49,2226,96
8/25/2021 22:30:58,A3O5RKGH6VB19C,87396211fee244ccbda4b0f4bcefc8e9,bee,0.75,1,1,1,100,0,9.82,2381,98
8/25/2021 23:25:19,A3O5RKGH6VB19C,305e22c5b2754d1d90f76cf5e2157660,obama,0.75,1,0,0,0,1,9.66,1917,100
8/25/2021 23:36:52,A1E235KE3CSO7H,8be576f5a9fc4388bb4a608282382fa3,pig,0.3,0,5,2,40,11,10.5,1469,97
8/25/2021 9:35:38,APRZ7BR8C0ZMQ,ce969e3aa6374189abe638aa61b3ffc9,shapeshifter,0.3,0,5,2,40,0,11.55,2538,95
8/26/2021 0:22:41,AZCGF2D7QIO10,8eb73d4db00044b1bb63808e3365e90c,bee,0.75,1,6,4,67,163,11.42,2497,90
8/26/2021 0:22:59,A3O5RKGH6VB19C,ae05e585f42146a283168fdee429ddea,dad,0.75,1,4,1,25,4,9.69,1734,93
8/26/2021 0:30:37,A2W121DQXNQK1,120f688d383d4775a51fc45728e771de,bee,0.3,0,8,7,88,65,13.32,2563,77
8/26/2021 11:15:55,A3OLRWACCCCUTU,7b827c9dbe9547fbae0a89de75863527,isolation,0.75,1,5,3,60,2,12.79,2699,93
8/26/2021 11:23:08,A3S67QA0SQVPUJ,56474bc3ca56477aaedb2a3e68f9411d,mana,0.3,0,4,4,100,28,10.43,2280,88
8/26/2021 11:30:19,ANCIB6B6EBBIJ,0c3f03f1c5a44e4bbe66a5c9571797d9,mattdamon,0.3,0,10,8,80,7,9.75,942,57
8/26/2021 11:47:52,ANCIB6B6EBBIJ,3be804ca8a1d41a4ba5cdeb64b126575,sideeffect,0.3,0,9,5,56,16,10.07,985,71
8/26/2021 11:48:04,A1VZSFHTU51JP0,95b14d2fcf8b4eb5a0be3354a80e6f32,sideeffect,0.75,1,10,7,70,2,10.03,1517,75
8/26/2021 11:48:38,A3S67QA0SQVPUJ,fbb32c24be3a4c2ca06df09c9b881fc0,sideeffect,0.3,0,5,4,80,66,11.49,2520,91
8/26/2021 12:06:40,A1VZSFHTU51JP0,1b61a094fd35433fa11d5ae1a4655cfd,obama,0.3,0,7,6,86,43,11.64,1789,82
8/26/2021 12:50:46,A1VZSFHTU51JP0,fbd1b7a3b81f4efc88b0605de907aea3,mattdamon,0.3,0,8,6,75,8,11.42,1915,82
8/26/2021 12:54:30,A3S67QA0SQVPUJ,73b5e738538a4faaae2e02478f7c50bc,bee,0.75,1,5,5,100,38,13.04,2668,90
8/26/2021 13:13:08,A2RUHO7I7Y4XFA,f6c2fa4230df43b9b9857e71b9d68a89,dad,0.75,1,10,9,90,22,10.18,1757,71
8/26/2021 13:15:05,A1VZSFHTU51JP0,b5cba1af4218432bac6932bd1d546125,isolation,0.3,0,11,4,36,0,9.93,1608,81
8/26/2021 13:22:19,A23KAJRDVCVGOE,3c7c9a37b4eb4c76b275e6cd975f900f,dad,0.75,1,34,26,76,5,9.91,1561,39
8/26/2021 13:27:28,ANCIB6B6EBBIJ,152a3e1fac0e4bb0a90b1bbb7a6d57e5,shapeshifter,0.75,1,11,9,82,4,10.86,1240,68
8/26/2021 13:36:37,A1VZSFHTU51JP0,94517582b37d4ce6b9aeb4a0f9b7eed6,pig,0.75,1,6,5,83,11,11.23,1682,79
8/26/2021 13:40:57,A2RUHO7I7Y4XFA,41f6db5de3d8439ebbd996c398127d53,sideeffect,0.75,1,9,5,56,24,11.25,1807,80
8/26/2021 13:52:54,A1VZSFHTU51JP0,e04ccf1a440045bd92bf1ac66489b158,dad,0.75,1,11,6,55,3,9.72,1689,78
8/26/2021 14:51:23,A17AF42SNQNH9C,35f12c5f76a443f2b20e8a6165ab998f,dad,0.75,1,25,17,68,12,12.4,755,15
8/26/2021 15:25:09,ANCIB6B6EBBIJ,f02fab15925149cf9daa0f299d54f587,bee,0.3,0,13,12,92,2,10.94,1538,69
8/26/2021 15:52:27,A143XRCI1YXAFE,0e6c88a3adb84bfab5d3b77640f929f5,mana,0.3,0,3,3,100,12,9.71,2702,89
8/26/2021 16:17:55,ANCIB6B6EBBIJ,4d44dbfbf4b34c8a9e28065b836b5893,mattdamon,0.75,1,11,10,91,0,10.96,1334,70
8/26/2021 16:23:52,A143XRCI1YXAFE,b65e8358d12a498fa442f3d1072c4bb2,shapeshifter,0.3,0,8,5,62,13,9.88,2426,86
8/26/2021 16:33:34,ANCIB6B6EBBIJ,8f5facc84faa440aaab8b05968fbdf4a,pig,0.75,1,12,9,75,27,10.07,1247,62
8/26/2021 16:49:40,ANCIB6B6EBBIJ,7834dec912b34643afb92b7c3648a3fe,reincarnation,0.75,1,12,12,100,0,10.26,1229,61
8/26/2021 17:10:21,A6KOTWP7N7RLU,4542a8d2310247d1917ff1c79ac6171f,bee,0.3,0,9,7,78,128,11.45,3272,88
8/26/2021 17:57:26,A143XRCI1YXAFE,6363bd9d985e41f79f3bfb8e04fa3b5e,mattdamon,0.75,1,11,9,82,25,9.88,2929,79
8/26/2021 19:44:50,A1VZSFHTU51JP0,8a66ba50d4e241f2aebb17e5af82c68a,shapeshifter,0.75,1,9,5,56,12,11.45,1828,86
8/26/2021 1:22:42,AZCGF2D7QIO10,d7a1c8b4a98e4abc8a7236c858fa7ee6,shapeshifter,0.3,0,9,4,44,59,15.43,3201,95
8/26/2021 20:01:04,A1VZSFHTU51JP0,d834599ff4cd479489143ebe24a94bba,reincarnation,0.3,0,8,5,62,1,10.4,1684,85
8/26/2021 20:26:07,A3O5RKGH6VB19C,773aa615d24d4471911f2e43e9081f71,obama,0.3,0,0,0,0,6,9.49,2467,100
8/26/2021 20:36:46,A3O5RKGH6VB19C,e3d026e8ecb1421ca9ef198526fd4633,dad,0.75,1,0,0,0,5,9.76,1687,100
8/26/2021 20:57:36,A2W121DQXNQK1,e096014a9fca4d608a0f1c611e57fe2f,shapeshifter,0.3,0,13,9,69,22,13.56,3466,80
8/26/2021 21:01:52,AKLV0WIZZ356X,ec3d1c0f86a04f8eaea5df982cf79284,bee,0.3,0,10,10,100,2,9.48,495,71
8/26/2021 21:25:36,A1VZSFHTU51JP0,8558c2d306614fcfb3ae117e60204277,obama,0.3,0,9,7,78,10,11.97,1576,79
8/26/2021 21:28:29,A2W121DQXNQK1,ad936817fa674c3fb2db5f6d55fc49f1,pig,0.3,0,13,11,85,24,11.17,2603,78
8/26/2021 22:04:05,A1VZSFHTU51JP0,9b36532a7e70491992e013afd597fe57,obama,0.75,1,7,5,71,9,11.53,1716,83
8/26/2021 22:18:26,A1E235KE3CSO7H,95a0ce79d7ed4a77a0981c522b3deda7,isolation,0.75,1,10,5,50,8,9.97,1545,79
8/26/2021 2:58:37,A1TW2BZRRS874Z,543ec3b66b0c47269e9737a650da21b5,reincarnation,0.75,1,4,3,75,11,10.14,2067,90
8/26/2021 3:17:16,A1TW2BZRRS874Z,22fbbbae605c469f9ee3551b6030e421,shapeshifter,0.3,0,3,3,100,33,11.25,2146,91
8/26/2021 3:30:45,A1TW2BZRRS874Z,6eddf840a84f4e48936eb1928eda184a,reincarnation,0.75,1,2,2,100,15,9.93,2146,93
8/26/2021 3:44:23,A1TW2BZRRS874Z,e2a81dbfc6e7456ea4bbf9f8fd279f86,obama,0.75,1,1,1,100,44,11.01,2085,98
8/26/2021 3:58:46,A1TW2BZRRS874Z,4eeea91c57b0425b9faf9bc4b74ec2be,isolation,0.75,1,5,3,60,22,11.46,2078,82
8/26/2021 4:21:30,A1TW2BZRRS874Z,0886ac6a67c34849a08ccb15134f3407,mattdamon,0.3,0,3,2,67,18,10.77,2146,93
8/26/2021 4:45:23,A23KAJRDVCVGOE,cfb8bffe98a044868cec22afd04c1bba,shapeshifter,0.3,0,7,5,71,1,10.22,1978,82
8/26/2021 5:07:30,A1TW2BZRRS874Z,a2b882ca8a14420a8749dfedfecdfa36,pig,0.75,1,3,3,100,45,10.72,2030,92
8/26/2021 5:21:19,A1TW2BZRRS874Z,0b75e34df86b4f729dbf23843db91112,obama,0.75,1,4,3,75,23,10.2,1817,88
8/26/2021 5:41:27,A1TW2BZRRS874Z,4dc8e53b86384a43a33145a0c3933559,bee,0.3,0,3,3,100,38,12.56,2202,93
8/26/2021 5:45:00,A14OQ52EFQAN2W,ed151ac677724c7fbd32f85db77710a2,shapeshifter,0.75,1,5,4,80,25,10.98,1267,78
8/26/2021 6:06:53,A3OLRWACCCCUTU,9350869f0d24492c920c83e0a9507648,pig,0.75,1,4,4,100,5,10.42,2254,92
8/26/2021 6:08:38,A1TW2BZRRS874Z,9e13fc668168442584d1d57f70f2ac56,isolation,0.75,1,4,4,100,29,10.23,1897,80
8/26/2021 6:16:29,A23EWFNNOUS10B,adce2198a2b74693a04f7824889a348c,reincarnation,0.75,1,11,9,82,17,9.94,1725,62
8/26/2021 6:17:42,ANCIB6B6EBBIJ,90e9b5945ef5420ea02c7e982df952c2,pig,0.3,0,16,14,88,3,10,1057,52
8/26/2021 6:20:46,A143XRCI1YXAFE,4b1397f42c2b436c994db077de5d54c4,isolation,0.75,1,6,4,67,18,9.94,2222,82
8/26/2021 6:22:46,A1TW2BZRRS874Z,208569acde5b49dda0ec25ce4c410975,mattdamon,0.75,1,7,3,43,35,10.81,2011,87
8/26/2021 6:28:48,A23EWFNNOUS10B,9ed6505663e3421ea07365fe634cbe82,mattdamon,0.75,1,13,10,77,17,9.87,1977,69
8/26/2021 6:37:51,ANCIB6B6EBBIJ,1450f586cc5543b69ba4c22ebd2c7fa0,pig,0.75,1,16,15,94,93,10.18,1059,43
8/26/2021 6:38:14,A1TW2BZRRS874Z,f71e0e018a534c7f821ba507de61fb7d,dad,0.3,0,5,3,60,33,10.85,1824,84
8/26/2021 6:40:19,A23EWFNNOUS10B,749e032914384e4da8f2392a19066b89,obama,0.75,1,12,8,67,18,9.64,1498,63
8/26/2021 6:53:02,A23EWFNNOUS10B,7000c2b9328448a5b47432e3576c6b46,isolation,0.75,1,12,11,92,13,9.55,1080,44
8/26/2021 6:58:47,ANCIB6B6EBBIJ,b7ba03e9a46a46b79e31ff492b20c30e,bee,0.3,0,11,11,100,4,10.52,1203,72
8/26/2021 6:59:12,A23KAJRDVCVGOE,7008135435cb483881d0332f730b12fa,pig,0.3,0,24,23,96,2,10.03,2143,51
8/26/2021 6:59:53,A1TW2BZRRS874Z,f1d6f13474954193babf52cc2eab9353,shapeshifter,0.75,1,8,6,75,13,13.28,2414,86
8/26/2021 7:11:28,A23KAJRDVCVGOE,64ded59bfd264094a10a88c47e4ecc1c,isolation,0.3,0,26,18,69,4,10,1363,50
8/26/2021 7:16:19,ANCIB6B6EBBIJ,dca80ac7cfd148638a9c0f4b027f720a,obama,0.3,0,16,7,44,13,11.12,1307,70
8/26/2021 7:29:11,A23KAJRDVCVGOE,5c524b4889834145ad435d84415f457c,sideeffect,0.75,1,21,12,57,6,9.97,1363,45
8/26/2021 7:31:05,A1TW2BZRRS874Z,dc47866606824cc9bc59e54890c2ab22,isolation,0.75,1,6,3,50,19,10.7,1877,91
8/26/2021 7:33:30,A8C3WNWRBWUXO,1ee47cccb17b462e9947db961eb49b32,bee,0.3,0,6,5,83,16,10.6,973,71
8/26/2021 7:37:59,AZZA3J049G7R5,a5dee567f6554c59bb8fafd85f547c22,pig,0.75,1,6,6,100,23,11.11,1343,80
8/26/2021 7:40:42,ANCIB6B6EBBIJ,099ea17dc4c24eba8603270c97edd468,reincarnation,0.3,0,11,8,73,18,10.97,1250,76
8/26/2021 7:47:07,A1TW2BZRRS874Z,0837a09ef77a4f20b3a341a47276288b,pig,0.3,0,6,3,50,13,12.85,2170,88
8/26/2021 7:47:59,ABL2FXYMI00T6,feb421930b1a46f2a4829239384c1bd9,sideeffect,0.75,1,13,8,62,27,10.21,1371,65
8/26/2021 7:49:05,A2W121DQXNQK1,a0cc548fb40a4e22b1963674fb4b1f83,mattdamon,0.3,0,8,6,75,39,12.82,2921,81
8/26/2021 7:54:49,AZZA3J049G7R5,8e3031ed15ff4c748daf78f4daff41f9,isolation,0.3,0,12,6,50,12,10.94,1584,78
8/26/2021 8:09:42,A23EWFNNOUS10B,d21b4782a01941baa71e9727e6c7f8ea,sideeffect,0.3,0,9,6,67,21,9.94,1366,67
8/26/2021 8:21:06,A23EWFNNOUS10B,029d014b392a4c41b711153a08cea400,pig,0.75,1,7,7,100,27,9.8,1539,71
8/26/2021 8:22:09,A143XRCI1YXAFE,955a3f8444e149f8a66045bb23420a4c,bee,0.3,0,5,4,80,14,10.36,2660,95
8/26/2021 8:23:26,AZZA3J049G7R5,2ced6b82b2c349d2a09e64c35328ecef,dad,0.75,1,10,8,80,9,10.39,1698,78
8/26/2021 8:26:43,ANCIB6B6EBBIJ,745644f53bdc47409855cc751518e25b,mana,0.3,0,8,7,88,35,11.32,1211,70
8/26/2021 8:37:36,AZZA3J049G7R5,5265ab6df085473795385139bc7f821a,mattdamon,0.3,0,13,11,85,16,10.31,1724,69
8/26/2021 8:45:20,ANCIB6B6EBBIJ,cecb749518a84dce992bdcb9c97ec242,mattdamon,0.75,1,5,4,80,10,11.66,1395,73
8/27/2021 0:10:27,AUAAHI7AUJ419,b93b7bff90944fa19b65fc0b12b55cd8,pig,0.3,0,11,8,73,25,10.45,1882,82
8/27/2021 0:31:03,A2W121DQXNQK1,a609db6270b14e40a3de824554977750,mattdamon,0.3,0,11,8,73,56,14.79,3512,81
8/27/2021 10:06:18,A1VZSFHTU51JP0,40d132e1bc0146c0920d7b38c5b9f7c7,shapeshifter,0.3,0,13,8,62,36,10.32,1776,81
8/27/2021 10:19:22,A3S67QA0SQVPUJ,1e93ad6e64e4478886b3fc31bef6a960,dad,0.3,0,5,4,80,67,9.73,1663,84
8/27/2021 10:22:20,AZZA3J049G7R5,92108d50d38647278d97f96a4364e9b1,bee,0.75,1,8,7,88,20,10.99,1867,87
8/27/2021 10:31:17,A1VZSFHTU51JP0,007769c9000e457eae8485221041802d,shapeshifter,0.75,1,12,5,42,14,10.83,1990,85
8/27/2021 10:50:11,A3S67QA0SQVPUJ,e8cdd0418ddb4263ae2799ded6316693,pig,0.3,0,6,6,100,107,10.98,1851,83
8/27/2021 10:57:01,AZZA3J049G7R5,308df34d38ce447a957e540a6cde21c7,mattdamon,0.75,1,16,15,94,3,11.14,1700,60
8/27/2021 11:16:34,AZZA3J049G7R5,b0713959bffc46e893715684d793a109,isolation,0.3,0,14,6,43,146,12.09,1902,82
8/27/2021 11:33:28,ANCIB6B6EBBIJ,a1e9b672e5814598a1ec37a8210b8c12,mana,0.3,0,6,3,50,38,10.84,1019,80
8/27/2021 11:42:17,A3S67QA0SQVPUJ,b7ad3c9340a24e57b3c342bc9ffb73ee,mana,0.3,0,8,8,100,136,11.57,2239,79
8/27/2021 12:24:23,ANCIB6B6EBBIJ,605b87492b46451d8a0ece93161368fc,dad,0.3,0,12,12,100,11,11.51,1309,58
8/27/2021 13:05:28,ANCIB6B6EBBIJ,057fad39f01646e5901eb1fb4dd33aca,obama,0.3,0,12,10,83,44,12.58,1537,78
8/27/2021 16:44:58,A118BQHK3S4UDV,126ae6528ba141a58f932a3ed097b47e,dad,0.75,1,6,5,83,25,10.13,2056,83
8/27/2021 17:28:32,AFIK3VBMMX6G6,90a244e4c76240ab942d8f56b971b6f2,reincarnation,0.75,1,9,9,100,16,10.05,1555,73
8/27/2021 18:30:48,A8C3WNWRBWUXO,f64a674b006c4fa6adaf1bba48049f6c,reincarnation,0.75,1,24,7,29,34,17.04,1546,77
8/27/2021 19:16:44,ANCIB6B6EBBIJ,fd2ec09a682148418ea610817afcc79a,bee,0.75,1,17,15,88,76,9.92,1172,55
8/27/2021 19:41:59,ANCIB6B6EBBIJ,229fee620c9e41f3bf737ffa9217b3d3,sideeffect,0.75,1,5,4,80,64,10.43,1204,84
8/27/2021 20:25:49,A1198W1SPF1R4,5d9be2dad6584ff4b2ab1c6f701f64cb,shapeshifter,0.3,0,12,6,50,18,11.74,946,50
8/27/2021 21:01:56,A1198W1SPF1R4,a068c6552ba143c8ba4f378e49c3b640,reincarnation,0.3,0,15,12,80,57,18.85,1282,45
8/27/2021 21:45:45,A2W121DQXNQK1,07cea97c61b4495389f8e0c0faa076bd,shapeshifter,0.3,0,8,4,50,50,13.89,3541,91
8/27/2021 22:20:34,A2W121DQXNQK1,9d55ac3f8bce45c5a4325b2befeba8f4,obama,0.3,0,15,12,80,79,16.59,3744,81
8/27/2021 2:07:31,AZCGF2D7QIO10,6e886e695d98418e9eaca62a07bcef02,mattdamon,0.75,1,7,4,57,21,11.79,2370,90
8/27/2021 2:35:50,A1TW2BZRRS874Z,8d4bdb014d5f4a919735ff5a928176b5,reincarnation,0.3,0,5,3,60,11,11.75,2323,92
8/27/2021 3:07:07,A1TW2BZRRS874Z,bfbd85082e2c48bc86180b2b54f5845c,pig,0.75,1,6,3,50,19,11.53,2012,90
8/27/2021 3:20:34,A1TW2BZRRS874Z,bad20cdce8404ef3b6992ae8758105d2,mana,0.75,1,3,2,67,29,10.76,1951,92
8/27/2021 3:34:20,A1TW2BZRRS874Z,4aadf906bfc84b4f980b65c44fe483e8,mattdamon,0.3,0,5,3,60,63,10.6,1814,92
8/27/2021 4:22:59,A1TW2BZRRS874Z,3db55809c34d4059adb6d6315da68cf1,dad,0.75,1,5,3,60,27,11.78,2221,89
8/27/2021 4:37:49,A1TW2BZRRS874Z,cbbfa156a608439c999233f7b05b9821,bee,0.75,1,6,2,33,21,12.29,2366,94
8/27/2021 4:55:10,A1TW2BZRRS874Z,36eead66360847afba6dc9ebf6d99593,sideeffect,0.3,0,5,3,60,12,10.75,1986,84
8/27/2021 5:05:54,A1VZSFHTU51JP0,75892ecb92b4437882d1565f6169d5a5,obama,0.75,1,12,11,92,2,9.84,1265,64
8/27/2021 5:11:34,A23KAJRDVCVGOE,67edbcbb485547d18993a50ef6dc5c92,mana,0.3,0,17,16,94,5,9.73,716,36
8/27/2021 5:31:04,A23KAJRDVCVGOE,9ec1e386d2494b958378ef3035ca0fec,dad,0.3,0,23,16,70,11,9.92,1239,47
8/27/2021 5:34:55,A3S67QA0SQVPUJ,bbad29dc74f346269cc42a7563e4c865,reincarnation,0.75,1,8,8,100,26,11.02,2381,75
8/27/2021 5:51:23,A3S67QA0SQVPUJ,75502f7ab83b42189c79a1972db22bb0,pig,0.75,1,9,7,78,14,10.33,2006,83
8/27/2021 6:22:20,A23KAJRDVCVGOE,eb052c37796c4ae3b8b5c77c800684c6,sideeffect,0.3,0,8,7,88,3,9.47,1804,71
8/27/2021 6:23:07,A3S67QA0SQVPUJ,8cce12dd32d841368470d67ab55f4efb,bee,0.3,0,8,5,62,15,10.76,1942,82
8/27/2021 6:27:02,A1TW2BZRRS874Z,29056a31430b414582f488535aa0fe91,sideeffect,0.3,0,6,3,50,4,10.11,1839,87
8/27/2021 6:47:44,A1TW2BZRRS874Z,cb3f032b7da641ef8ae12507ded9ee10,pig,0.3,0,6,3,50,21,12.97,2230,90
8/27/2021 7:25:52,AZZA3J049G7R5,d1edc05d6a4a411db965bb9a8adc3339,reincarnation,0.3,0,17,11,65,30,10.39,1460,68
8/27/2021 7:42:50,AZZA3J049G7R5,961d4965c2c94d7b98223b2f3c9eb30a,obama,0.75,1,15,9,60,14,11.46,1762,82
8/27/2021 7:56:50,A2W121DQXNQK1,81b30967f40349e5b0e333f1e4851ce4,isolation,0.3,0,5,4,80,44,12.13,2970,85
8/27/2021 8:02:40,AZZA3J049G7R5,56af97b16b6d444c8f8d55c740550837,obama,0.3,0,10,10,100,64,10.61,1433,73
8/27/2021 8:33:48,AZZA3J049G7R5,23b4bbf06990474a9607178c5e4c95a9,sideeffect,0.3,0,13,9,69,23,11.07,1910,83
8/27/2021 9:09:39,AZZA3J049G7R5,13fc032dba354e1f9a0179becfaa4af4,obama,0.75,1,16,14,88,24,11.62,1761,69
8/27/2021 9:24:21,AZZA3J049G7R5,278af098f2784b7ba22335f356ab854e,bee,0.3,0,18,11,61,18,12.03,1866,79
8/27/2021 9:57:22,AZZA3J049G7R5,185c4ee8dbc948fca5a86b7273676420,pig,0.3,0,19,9,47,42,10.06,1199,77
8/28/2021 0:32:17,A2W121DQXNQK1,403db9d987584a8cbf7fa0b6acf0d918,sideeffect,0.3,0,7,4,57,99,14.87,3107,89
8/28/2021 12:17:15,A3MYPYBVHX7FQ2,2cd0471292f14be5bf1ccb9b313e1903,shapeshifter,0.75,1,17,12,71,110,11.95,2113,74
8/28/2021 20:46:53,A3P9TM5PRYBH90,935513674eb5493c99261d5e137fc1bd,bee,0.3,0,4,4,100,13,12.4,1280,79
8/28/2021 20:53:43,A2OVOVZBJYUO,c6f6096483ef447ebcdccc2fa16ce0b7,bee,0.3,0,19,17,89,25,9.89,1714,65
8/28/2021 21:07:13,A3P9TM5PRYBH90,5426f8469fda44fb85b815bc1a1ed884,isolation,0.3,0,4,4,100,24,13.24,1426,78
8/28/2021 21:15:15,A2W121DQXNQK1,495448baeef94ef2bff5fdba66f09b92,dad,0.75,1,8,8,100,70,12.23,2751,84
8/28/2021 21:41:20,A3P9TM5PRYBH90,15225b481e3e4c4dab5c641b940b59b1,reincarnation,0.3,0,6,3,50,27,13.6,1688,88
8/28/2021 21:46:54,A2W121DQXNQK1,4d06b9aa68764d749ef6fffb4fcb54f4,mana,0.75,1,7,6,86,71,13.77,3177,87
8/28/2021 22:13:13,A3P9TM5PRYBH90,17e61e6248cb4b1fae8ea73dc6bd70f7,shapeshifter,0.3,0,4,4,100,13,14.42,1818,91
8/28/2021 22:55:45,A2OVOVZBJYUO,047a25c3382c42999ceb1c78f6ebd524,sideeffect,0.3,0,9,2,22,22,10.17,1899,95
8/28/2021 23:55:27,A345TDMHP3DQ3G,d046453071004f1991ca1bb9bec23ca2,reincarnation,0.3,0,12,12,100,8,9.88,2636,68
8/29/2021 0:12:53,A345TDMHP3DQ3G,8b458eefa9304e608322239981e4ccd1,obama,0.75,1,16,16,100,0,9.89,2800,75
8/29/2021 0:27:34,A2W121DQXNQK1,02a0a1349a8045bd969dfc3948ec4796,mattdamon,0.75,1,10,7,70,35,11.71,2682,82
8/29/2021 0:27:37,A345TDMHP3DQ3G,3d19d3770396446bb568be0852f3bcd4,dad,0.75,1,20,20,100,0,9.86,2517,69
8/29/2021 0:46:25,A345TDMHP3DQ3G,105bf88bb4bc42688e06a54644e2989b,sideeffect,0.75,1,13,10,77,0,9.68,2573,79
8/29/2021 10:23:46,ANCIB6B6EBBIJ,a1818a53e4114dd3a3f002dc7f2c2f58,obama,0.75,1,12,12,100,50,13.83,1518,58
8/29/2021 10:29:34,A2OVX9UW5WANQE,377cda39f77d4be6bc47879d076b79d0,mana,0.3,0,11,8,73,6,9.96,1038,68
8/29/2021 10:39:30,A3S67QA0SQVPUJ,cb7d2cf75ece48b78a11b138e7f22600,mana,0.75,1,8,5,62,53,14.86,2963,85
8/29/2021 10:41:20,ANCIB6B6EBBIJ,6d9638620ea946b2bdcc898c41c24ac7,isolation,0.3,0,11,8,73,14,11.5,1112,61
8/29/2021 10:45:12,A324VBRLXHG5IB,d4d4847e461c42888c2357e8d8f268b3,mattdamon,0.75,1,6,6,100,19,10.88,1401,74
8/29/2021 11:04:09,A324VBRLXHG5IB,b95bdefc91d94744b375b7bcabc19d5f,bee,0.3,0,17,17,100,9,16.21,2481,73
8/29/2021 11:14:56,A3S67QA0SQVPUJ,057b11be0cbb400ea2cfda2cf75292b2,pig,0.3,0,9,7,78,64,11.9,2106,81
8/29/2021 11:21:40,A324VBRLXHG5IB,eb15a76230f74cf781b0ace876dec6de,obama,0.3,0,8,4,50,12,14.39,2038,88
8/29/2021 11:26:41,ANCIB6B6EBBIJ,780dc8712eb44ac2a05c14452f14973d,reincarnation,0.3,0,14,11,79,10,11.17,1163,62
8/29/2021 12:59:02,A2W121DQXNQK1,c5166a329a9c45f990a5d3c692d7faa0,mana,0.3,0,9,8,89,63,12.68,2845,75
8/29/2021 13:03:02,ANCIB6B6EBBIJ,32a94859448a444fb63afd21ee7168eb,shapeshifter,0.3,0,16,7,44,8,10.45,946,66
8/29/2021 13:27:56,A345TDMHP3DQ3G,51811494ceb647a8aa633d4c7c3e089f,isolation,0.75,1,27,27,100,5,9.91,2439,51
8/29/2021 13:38:29,ANCIB6B6EBBIJ,1187a14aa85d4c568e31d968b2aeadbd,mattdamon,0.3,0,11,9,82,22,10.99,1304,63
8/29/2021 13:42:26,A2W121DQXNQK1,b322b1fa853a485b9d03d790d51af585,sideeffect,0.3,0,5,5,100,75,11.41,2912,87
8/29/2021 14:04:08,A324VBRLXHG5IB,9c1de5d748a0486b8276ccce9f1c9f45,isolation,0.75,1,12,12,100,52,21.15,2381,70
8/29/2021 15:23:53,A345TDMHP3DQ3G,030168a0260f4701bb8c82e185b2c6c4,mattdamon,0.75,1,24,24,100,7,9.63,2042,50
8/29/2021 16:27:30,A324VBRLXHG5IB,43fef1ea6c6342f490c991f230acdf1b,reincarnation,0.75,1,12,10,83,15,14.72,1985,63
8/29/2021 16:54:03,A1VZSFHTU51JP0,ab5f8507e06746248ff59dd64d84e414,dad,0.75,1,7,7,100,43,13.12,1957,73
8/29/2021 16:54:14,A1198W1SPF1R4,b22279ff63804fa6bec5c108879812dd,shapeshifter,0.3,0,14,10,71,23,14.56,1113,45
8/29/2021 17:09:09,A324VBRLXHG5IB,a155fa8cfd624d278fb8f37cc32b0565,dad,0.75,1,9,7,78,19,14.2,2068,79
8/29/2021 17:10:59,A1VZSFHTU51JP0,93a4d9c0d25f4865a4f9dbb9f5b7c458,isolation,0.75,1,11,6,55,16,11.31,2001,81
8/29/2021 17:30:56,A324VBRLXHG5IB,272a45b11c944afcbf51b390caa3a6b0,sideeffect,0.75,1,13,12,92,25,18.53,2494,75
8/29/2021 18:07:46,A324VBRLXHG5IB,86a1a40bed5445c7bce7ac003f07d04c,mattdamon,0.75,1,15,12,80,5,18.14,3114,79
8/29/2021 18:15:18,A8C3WNWRBWUXO,18de1e1d4baf4aabaf525a1f5bae3432,sideeffect,0.75,1,17,5,29,94,20.24,1824,82
8/29/2021 19:05:05,A1198W1SPF1R4,b3528173b35442d09e2aadaf4d06defe,reincarnation,0.75,1,7,4,57,16,10.98,965,59
8/29/2021 19:25:11,A1198W1SPF1R4,d8a8e6352996418a9319bbdc990bc23c,mana,0.3,0,8,6,75,30,11.99,1069,63
8/29/2021 19:45:54,A17AF42SNQNH9C,1f9525eb67504ccd8167402a950cdf1a,isolation,0.75,1,18,8,44,138,20.89,2598,68
8/29/2021 1:33:30,A1198W1SPF1R4,893f5fa336ac4092b1d4efe6c91ef24f,sideeffect,0.75,1,8,6,75,20,17.34,1009,48
8/29/2021 20:30:24,A1VZSFHTU51JP0,98ec7dfa3aa04e69b9eaf765d6134943,bee,0.3,0,14,9,64,70,12.39,1752,80
8/29/2021 20:40:06,A1198W1SPF1R4,a373cb5e0c8f46e5bcbdcbd8ddac8227,bee,0.3,0,10,10,100,58,14.21,1215,63
8/29/2021 21:27:04,A1VZSFHTU51JP0,a9936b88956143bead73fd420fdc8b5c,mana,0.3,0,9,8,89,2,10.13,1956,78
8/29/2021 21:57:21,A1198W1SPF1R4,7ef377e00d564aa2a5d925668c2b2f97,pig,0.3,0,19,14,74,24,13.13,728,28
8/29/2021 22:19:41,A2OVOVZBJYUO,1745a412b5cb4638b35b9f6f63eb3e0b,shapeshifter,0.75,1,12,8,67,12,10.79,2293,80
8/29/2021 22:47:15,A1VZSFHTU51JP0,f151863fbea2417c9bbec7082abaefd6,reincarnation,0.75,1,11,9,82,15,12.26,1494,69
8/29/2021 23:13:52,A1VZSFHTU51JP0,6e8295cfe7b7425198f0d305a29e3fc3,sideeffect,0.3,0,11,3,27,3,10.23,1625,94
8/29/2021 23:24:18,A345TDMHP3DQ3G,f13ca6a2519e4ddcaf454f11968ed676,isolation,0.75,1,20,18,90,4,9.92,1864,48
8/29/2021 23:40:24,A345TDMHP3DQ3G,153d73ea68dc4323af5341ce6c51ea73,pig,0.75,1,34,32,94,21,9.9,1891,40
8/29/2021 23:54:08,A345TDMHP3DQ3G,7c37d7def4524ab8ad459cc07c881955,bee,0.3,0,42,35,83,6,9.8,1812,42
8/29/2021 3:43:16,A1TW2BZRRS874Z,9dc52675bffe43dd8a9359dab52e711b,isolation,0.3,0,3,3,100,36,14.19,2717,90
8/29/2021 4:14:49,A1TW2BZRRS874Z,3f6f1edc20064adba80cb4c98454da3b,mattdamon,0.75,1,4,1,25,25,13.02,2404,98
8/29/2021 4:50:13,A1TW2BZRRS874Z,b123d6c29c8140b1a464b0402923dbad,mana,0.75,1,5,2,40,24,12.31,2195,94
8/29/2021 5:56:19,A23KAJRDVCVGOE,11e8186be4314e93852c7677b430fba3,bee,0.3,0,30,26,87,4,9.77,1440,40
8/29/2021 6:35:38,A23KAJRDVCVGOE,8f24321860794995b97b7e5b87f2e7b4,reincarnation,0.3,0,18,17,94,2,9.72,1363,52
8/29/2021 6:52:36,A23KAJRDVCVGOE,aea2e89578b3408983027d4f02ac76e6,mattdamon,0.75,1,13,11,85,7,9.58,1051,46
8/29/2021 6:56:38,A1TW2BZRRS874Z,35f5f0465417437f923efcd624af7502,bee,0.3,0,4,4,100,30,12.79,2385,84
8/29/2021 7:11:03,A8C3WNWRBWUXO,1dbf9b439ab34c5e93c85bea3d285880,pig,0.3,0,21,6,29,25,13.79,1171,74
8/29/2021 8:11:13,A2OVX9UW5WANQE,aa563d648ec34088a3e6d3924b53cffe,dad,0.3,0,22,12,55,0,10.14,1241,60
8/29/2021 8:36:11,A2OVX9UW5WANQE,19feecc6b31445ca884ab5a9363975e8,mana,0.75,1,10,6,60,1,9.83,833,59
8/29/2021 8:55:23,A2OVX9UW5WANQE,26091bf5237b4586b9417be5d4ce7484,bee,0.75,1,14,8,57,1,10.53,1123,69
8/29/2021 8:55:33,A2W121DQXNQK1,dda6cf6e80e74a32b62d03db6c25859c,isolation,0.75,1,5,4,80,94,10.88,2246,84
8/29/2021 8:58:07,A8C3WNWRBWUXO,1a05d6f6ae524b638b5e3ea491d3fc4d,isolation,0.3,0,18,8,44,50,13.44,1258,67
8/29/2021 9:50:35,A2OVX9UW5WANQE,9750cd5d84274f9b8135be2e8fa8cc6d,mattdamon,0.3,0,15,8,53,8,10.3,1043,56
8/29/2021 9:59:39,A3S67QA0SQVPUJ,5c1905e6a05c4203b624c4db10ede78a,isolation,0.3,0,5,5,100,29,12.31,2619,83
8/30/2021 0:30:18,A2W121DQXNQK1,401511d48acd418f8e4d199782611ccc,mana,0.3,0,11,9,82,42,13.11,3156,74
8/30/2021 11:59:20,A2W121DQXNQK1,3461ee41df7f4f5fa584f5ae04b3ba6f,mana,0.3,0,10,10,100,73,13.87,3098,78
8/30/2021 12:26:56,A2W121DQXNQK1,29001da80acb414d8683c660e2e091f2,pig,0.3,0,6,5,83,63,10.96,2085,79
8/30/2021 12:57:57,A2W121DQXNQK1,37937cc84a7f43338e5c5b430d566b1f,pig,0.75,1,12,12,100,54,13.31,2874,73
8/30/2021 13:53:00,ANCIB6B6EBBIJ,112e8b0e22094577ae3e513d70f78432,dad,0.75,1,8,7,88,20,12.03,1468,68
8/30/2021 14:23:05,ANCIB6B6EBBIJ,5983f704429c4b41a0b0f6fea354fad0,sideeffect,0.75,1,8,6,75,20,11.92,1489,76
8/30/2021 14:30:04,A324VBRLXHG5IB,96417121cd29430b95ce9fc6ebab7fbe,mana,0.3,0,11,12,109,8,15.58,2276,72
8/30/2021 15:33:45,APRZ7BR8C0ZMQ,93468eec16324f109abec7010cd13ebd,sideeffect,0.3,0,3,2,67,2,11.06,2312,93
8/30/2021 15:43:45,AM2KK02JXXW48,0ae783e63f2f485a87f61b8159276c57,shapeshifter,0.3,0,8,6,75,2,9.99,978,69
8/30/2021 15:58:46,AM2KK02JXXW48,c55eedaec6ea4aecb9d9cf1fb616a89d,obama,0.3,0,7,6,86,2,10.54,1260,79
8/30/2021 16:19:16,A3VEF4M5FIN7KH,4bdb5a30d17d40d7b160d942552c190b,mana,0.3,0,5,3,60,20,33.33,3460,88
8/30/2021 1:35:02,A1S5KQVM900NE,f3fd58f51d4a406ba6151b630e18dbac,dad,0.3,0,13,13,100,321,20.33,4580,83
8/30/2021 2:20:52,A1TW2BZRRS874Z,240b61c1abc24288a19f6faa9909e719,mana,0.3,0,3,3,100,27,13.46,2483,88
8/30/2021 2:40:43,A1TW2BZRRS874Z,8fc21685ae6a4c6da4c7fecca918d093,bee,0.3,0,10,6,60,31,15.65,2761,88
8/30/2021 3:18:13,A1TW2BZRRS874Z,05a000131fc642f7bb20b62bb20a326e,dad,0.75,1,6,3,50,11,13.58,2415,87
8/30/2021 3:45:30,A1TW2BZRRS874Z,128bf2d6121a4542ba5779b2811d8c15,sideeffect,0.3,0,4,0,0,41,14.99,2718,100
8/30/2021 4:22:25,A1TW2BZRRS874Z,8d145264baaf4220b2848a60447cfd05,pig,0.3,0,8,2,25,39,12.76,2271,94
8/30/2021 4:39:17,A1TW2BZRRS874Z,cca8806768104c18b972db618f17a37f,obama,0.3,0,8,3,38,13,13.73,2570,95
8/30/2021 4:49:38,A23KAJRDVCVGOE,946720ae11b5468e858df027906f1063,isolation,0.75,1,22,17,77,11,9.7,571,16
8/30/2021 5:12:23,A1TW2BZRRS874Z,e3152d380e13471a91d31ab07f01255c,sideeffect,0.75,1,4,2,50,38,11.37,1902,91
8/30/2021 5:23:06,A2OVX9UW5WANQE,05b655163b1e4e38b76c2785a0aea5bb,shapeshifter,0.3,0,11,3,27,0,10.06,1656,89
8/30/2021 5:35:40,A1TW2BZRRS874Z,9a29f841869a4fd98cf358da50f4a340,reincarnation,0.3,0,7,5,71,30,17.18,3488,90
8/30/2021 5:51:57,A2OVX9UW5WANQE,50e2383a31544349adae9a66d596cdf6,reincarnation,0.75,1,4,2,50,0,10.02,1399,90
8/30/2021 6:07:35,A1TW2BZRRS874Z,5ff4b3f9999047f6858c878df9638bc3,isolation,0.3,0,5,2,40,25,10.39,1942,93
8/30/2021 6:40:23,A2OVX9UW5WANQE,2f923aba101d46dc9bfca5a6664342d7,obama,0.3,0,29,16,55,0,10.06,874,52
8/30/2021 7:08:24,AZZA3J049G7R5,41ffccaa38ce49639429028d4cc1f1e8,bee,0.75,1,18,8,44,10,12.7,1972,85
8/30/2021 7:20:44,A1TW2BZRRS874Z,b153dcf4dae74acb8ebc70ff937ecccf,shapeshifter,0.3,0,7,3,43,28,12.54,2165,89
8/30/2021 7:26:14,AZZA3J049G7R5,5e72eec1e0f54fe5a74cf7e82ec67017,dad,0.3,0,15,9,60,2,10.39,1540,80
8/30/2021 7:27:45,A2OVX9UW5WANQE,820a0ffa457343b2a3d1e69a48d604e8,sideeffect,0.3,0,17,7,41,3,9.94,1340,73
8/30/2021 7:32:32,A8C3WNWRBWUXO,8f7e2949da2c45e597b39ee6e3f85d84,obama,0.75,1,9,9,100,19,11.75,931,55
8/30/2021 7:42:11,A23EWFNNOUS10B,a754ad9eecca4d13954cf36eeda823b5,shapeshifter,0.3,0,15,12,80,13,9.8,1653,67
8/30/2021 7:48:50,A1TW2BZRRS874Z,ace79657baa04aaca50a076720ee1fe8,mana,0.3,0,8,5,62,40,10.39,1537,77
8/30/2021 7:51:12,A23EWFNNOUS10B,86bb1cfe839c46058dfc0e4b96f13392,pig,0.3,0,12,10,83,11,10.26,1158,55
8/30/2021 8:00:01,AZZA3J049G7R5,4619d21ac3ee4b6f961fb782ae6c7937,mana,0.3,0,20,17,85,57,12.09,1695,63
8/30/2021 8:09:19,A23EWFNNOUS10B,1d5a5cee5438407b866cc643f79b02f6,bee,0.75,1,11,9,82,7,9.61,1153,55
8/30/2021 8:12:39,A8C3WNWRBWUXO,62dbcb617b014907a21929678a2f985d,mana,0.3,0,15,9,60,23,11.03,1202,65
8/30/2021 8:14:09,AZZA3J049G7R5,b73b741aa53f4dd1af35e1540ebf4af1,mattdamon,0.3,0,30,19,63,130,10.98,1677,65
8/30/2021 8:16:27,ANCIB6B6EBBIJ,85bb144c94404f85ad2931edf1bcb8ae,mana,0.3,0,8,6,75,12,12.01,1672,82
8/30/2021 8:47:59,AZZA3J049G7R5,7e48dc0c20c340f9b0cfe73fd8d198b6,dad,0.3,0,11,9,82,13,11.75,2184,89
8/30/2021 9:02:03,AZZA3J049G7R5,b7a163f09d8641c2b708236592f11767,reincarnation,0.3,0,15,12,80,59,10.28,1721,68
8/30/2021 9:13:46,A3MYPYBVHX7FQ2,a835d25a742840db987cf1fc4f877a98,isolation,0.3,0,12,9,75,3,10.64,1783,70
8/30/2021 9:13:47,ANCIB6B6EBBIJ,c8fdf07a6af74a27b488098538e3076e,bee,0.3,0,9,8,89,46,12.13,1662,75
8/30/2021 9:37:50,AZZA3J049G7R5,3c2459fc295b4836b027ff004c6b88c1,mana,0.75,1,17,13,76,18,12.32,2125,74
8/31/2021 0:09:19,A3P9TM5PRYBH90,1055a72721454912a8a38ea009d84a09,obama,0.75,1,5,5,100,14,14.64,1531,86
8/31/2021 0:09:49,A345TDMHP3DQ3G,61cf26b400aa46379d6fbdcbd21231e9,mana,0.75,1,27,25,93,2,9.88,2110,46
8/31/2021 0:31:15,A2W121DQXNQK1,c326ab6f04ca475a93d6322122ee6eb0,sideeffect,0.75,1,13,10,77,120,15.02,3397,81
8/31/2021 10:03:08,ANCIB6B6EBBIJ,66b3ac872822426e81bab531fb15d8a0,reincarnation,0.75,1,10,8,80,60,10.5,1432,59
8/31/2021 10:18:03,ANCIB6B6EBBIJ,3fdafca346c94f52ac5b9588a48e0a56,dad,0.3,0,9,9,100,35,10.82,1406,66
8/31/2021 10:18:57,A3S67QA0SQVPUJ,374e55af5f8642bdb6134332a8c6bc20,mattdamon,0.75,1,9,6,67,63,14.88,2987,86
8/31/2021 10:42:53,ANCIB6B6EBBIJ,3f863581f1214664915dc34aacbe4be6,mana,0.75,1,7,6,86,74,12.58,1673,73
8/31/2021 11:15:41,ANCIB6B6EBBIJ,fbc03301aebb4715b6b8b6d1891c6c2f,pig,0.3,0,11,10,91,282,11.87,1747,68
8/31/2021 11:31:28,ANCIB6B6EBBIJ,f5b4cac9a2ab4796b736928609ed7a02,obama,0.75,1,9,8,89,174,11.52,1746,71
8/31/2021 12:04:28,ANCIB6B6EBBIJ,3d7f50f368ad4acdb051a9a31c886c9e,bee,0.75,1,6,6,100,109,10.41,1527,69
8/31/2021 12:43:10,ANCIB6B6EBBIJ,fbd087c5c3ab48f1b6540c80976e3285,mattdamon,0.75,1,6,6,100,33,9.83,1355,67
8/31/2021 13:48:33,A3DS5B06ZCD3E3,1a94f1f656ad46d4b58923212e41cdeb,pig,0.3,0,8,4,50,24,13.52,2355,90
8/31/2021 14:07:15,A3DS5B06ZCD3E3,8e6cbcb7ebb3489ebf2678edddfd9e6f,reincarnation,0.75,1,8,6,75,11,14.06,2414,87
8/31/2021 14:50:48,A3DS5B06ZCD3E3,83abfb13942f491b9de32bfcc1c3dc47,isolation,0.75,1,13,7,54,12,13.61,2501,76
8/31/2021 15:21:58,A3DS5B06ZCD3E3,79b6b33580664bc1b5c608eb32156bab,dad,0.75,1,8,8,100,129,16.14,2827,78
8/31/2021 18:47:28,A324VBRLXHG5IB,82eec1c4618e494c88253f4e5167fc26,sideeffect,0.75,1,12,11,92,16,13.25,2041,74
8/31/2021 23:19:07,A1E235KE3CSO7H,1ec7d03923814ad590d270c260b37fad,reincarnation,0.3,0,6,5,83,4,10.28,1516,84
8/31/2021 23:40:01,A118BQHK3S4UDV,41f6cb6f7e134246943e077e0d937970,obama,0.75,1,8,6,75,35,11.95,2266,81
8/31/2021 23:51:20,A345TDMHP3DQ3G,11fd7876e82548859df75d8a5e80f24c,pig,0.3,0,28,21,75,17,9.61,2404,61
8/31/2021 23:57:52,A118BQHK3S4UDV,111ee57118054cc6b8fa4ef98c1a3408,sideeffect,0.3,0,11,8,73,24,15.6,2719,85
8/31/2021 2:18:25,A17Q4QN6UE0EZC,6f0c5bb458394a8d82d5d00886ffa92d,reincarnation,0.75,1,10,6,60,5,9.78,1375,78
8/31/2021 3:03:46,AZCGF2D7QIO10,b36defcb6838467db4486349793492fc,sideeffect,0.3,0,14,9,64,75,10.74,1991,81
8/31/2021 3:42:16,ASVRLMDNQBUD9,826e515ad8af4f68a59534c15844da37,obama,0.75,1,7,6,86,73,10.73,1243,69
8/31/2021 4:05:16,ASVRLMDNQBUD9,3a2ebf0908de4181a06d27b93f0ac07c,mattdamon,0.3,0,6,4,67,17,10.29,1352,78
8/31/2021 4:35:02,ASVRLMDNQBUD9,947065accb8b402c98fb2aa62a497842,bee,0.3,0,9,7,78,61,10.69,1309,67
8/31/2021 4:48:55,ASVRLMDNQBUD9,0cdd8e982e894f6aa234227042e12ec3,dad,0.75,1,6,4,67,56,10.08,1209,74
8/31/2021 5:16:34,ASVRLMDNQBUD9,bd4dc28d6e1b469bb4b96239b8fcfef9,mattdamon,0.75,1,8,8,100,26,10.19,1264,70
8/31/2021 5:46:23,A3S67QA0SQVPUJ,0f2696c6c8b84e138f7eee63d731acfc,dad,0.75,1,7,5,71,40,11.8,2484,89
8/31/2021 6:21:55,ASVRLMDNQBUD9,0fbf50af937946a1be1ab6e605f91167,mana,0.3,0,12,9,75,9,10.01,1423,78
8/31/2021 6:28:13,A3S67QA0SQVPUJ,826d810475364edcb986259d5f3cfac2,shapeshifter,0.3,0,5,5,100,17,11.67,2381,85
8/31/2021 7:21:09,AZZA3J049G7R5,1a0d49b00ae844df971176e9aab9b18a,sideeffect,0.3,0,20,15,75,8,10.22,1582,65
8/31/2021 7:49:22,A2W121DQXNQK1,53a1f867867b431e9336245503e7eec4,bee,0.75,1,9,7,78,51,11.97,2610,83
8/31/2021 7:50:26,ASVRLMDNQBUD9,174bb16d13624281abe2a1bc7e2a7050,obama,0.3,0,11,9,82,17,11.12,1467,68
8/31/2021 8:04:46,ASVRLMDNQBUD9,cf3c59ec3ff64c539da0ee9633dc44cf,obama,0.75,1,7,5,71,11,10.34,1339,77
8/31/2021 8:25:35,A8C3WNWRBWUXO,d85ddd25fd5641a78bc996b77c55e82a,sideeffect,0.3,0,11,6,55,13,12.83,922,69
8/31/2021 8:44:46,A2ONILC0LZKG6Y,fe73becf5e134d409a307434472d083b,obama,0.75,1,9,7,78,43,13.84,2548,85
8/31/2021 8:55:17,A2W121DQXNQK1,5819265ac490471ab03a42fd906beaed,sideeffect,0.75,1,8,7,88,45,12.6,2890,82
8/31/2021 8:58:54,A3S67QA0SQVPUJ,6d6a8d63190243f685256031a59166dd,mattdamon,0.75,1,8,7,88,230,14.23,2805,86
8/31/2021 9:20:40,A3S67QA0SQVPUJ,7505aec150f0434b8d1a0d15606c03d4,obama,0.75,1,5,5,100,65,10.76,2261,80
8/31/2021 9:26:12,A2W121DQXNQK1,4280a49fb01244bf9b7a74e84d79fae9,bee,0.3,0,12,12,100,78,13.4,3190,76
8/31/2021 9:46:05,A3S67QA0SQVPUJ,f0b4803428a846c6b22e2d420e980a33,isolation,0.75,1,5,3,60,7,10.87,2397,86
9/1/2021 0:03:44,A345TDMHP3DQ3G,bf03f184f45441258d7e0658a1742332,mattdamon,0.3,0,13,11,85,2,9.42,2474,74
9/1/2021 0:15:09,A345TDMHP3DQ3G,7444af48e58441e5ab11c7e295095206,mattdamon,0.75,1,17,16,94,0,9.37,2820,68
9/1/2021 0:26:12,A345TDMHP3DQ3G,b153deb333a648e8bed354ccb72d9085,shapeshifter,0.3,0,21,16,76,4,9.31,2439,68
9/1/2021 0:31:29,A2W121DQXNQK1,ac6634d8cd064dcb84b08c0eed768c3c,bee,0.75,1,12,12,100,42,14.48,3411,78
9/1/2021 0:37:53,A345TDMHP3DQ3G,04382674f44c40b592c703ae0f63c2ed,sideeffect,0.3,0,25,22,88,0,9.76,2586,65
9/1/2021 0:46:21,A1198W1SPF1R4,c9c5b78df4384aac9a2e8ebd121cca65,isolation,0.75,1,13,7,54,52,17.48,1524,63
9/1/2021 0:49:20,A345TDMHP3DQ3G,c9e301f54a8a4723b14567a99c90d2b7,pig,0.3,0,24,18,75,7,9.3,2863,74
9/1/2021 0:59:07,A345TDMHP3DQ3G,e40238fb39514ae8a0719094d7337200,obama,0.75,1,18,18,100,0,9.38,2675,72
9/1/2021 10:23:05,A345TDMHP3DQ3G,b8a0c252c1c749a78de33d1450193961,reincarnation,0.75,1,24,23,96,11,9.43,1723,44
9/1/2021 11:23:32,A2W121DQXNQK1,b2340ae8050543cbb74906ff4a96e850,pig,0.3,0,10,8,80,25,11.77,2711,81
9/1/2021 11:51:28,A2W121DQXNQK1,23b998c76c784ff29f0ddedd78128722,isolation,0.75,1,10,9,90,73,12.5,3119,72
9/1/2021 11:51:54,A1BWS5AD2T4NIR,648a0da49d2249119a955090691fb52e,dad,0.3,0,5,3,60,60,16.17,2095,85
9/1/2021 12:14:05,A345TDMHP3DQ3G,994c929ac0db414cbb96423bb245eb7c,sideeffect,0.3,0,13,10,77,11,9.59,2150,78
9/1/2021 12:27:18,A345TDMHP3DQ3G,f21eaa890253496d9d6ec4d01d9aefc1,dad,0.75,1,29,20,69,18,9.89,2139,57
9/1/2021 14:29:59,A345TDMHP3DQ3G,ab54a76d5f3643ca95b0a24783f26921,pig,0.3,0,28,25,89,15,9.36,2817,69
9/1/2021 15:15:46,A345TDMHP3DQ3G,77cae115ed8349dbad550de12e5858c1,reincarnation,0.75,1,21,15,71,12,9.62,2246,62
9/1/2021 18:43:18,A345TDMHP3DQ3G,09c68920f9e5434bb35a22e1909f324a,dad,0.75,1,27,24,89,2,9.85,2045,61
9/1/2021 1:06:42,A1198W1SPF1R4,1ff18e51f2a1466f97bb3dbfbaf98ba6,obama,0.3,0,17,17,100,25,15.76,1284,37
9/1/2021 21:01:45,A345TDMHP3DQ3G,86b1e2101c3141988dd27079e6963eb7,bee,0.75,1,29,27,93,15,9.95,2234,56
9/1/2021 2:12:06,A345TDMHP3DQ3G,73e1236fcc4f48d3ba4d264eb6ffe06e,bee,0.75,1,29,25,86,4,9.25,1948,52
9/1/2021 2:24:46,A345TDMHP3DQ3G,c7d83184f9f34ae9a9d55b0ee9176856,isolation,0.3,0,14,13,93,6,9.72,2593,74
9/1/2021 5:57:27,ASVRLMDNQBUD9,f8e0496b35c64e35b500e2034493eb8e,sideeffect,0.3,0,10,6,60,18,10.17,1207,84
9/1/2021 6:03:50,APRZ7BR8C0ZMQ,91e110c2a3884b2dbbeaddacfdd21607,dad,0.75,1,3,3,100,9,10.48,1988,92
9/1/2021 6:05:08,ANCIB6B6EBBIJ,6a8ad2fab02342468fff4be1b15dc1d1,dad,0.75,1,13,11,85,153,12.59,2247,65
9/1/2021 6:30:42,ANCIB6B6EBBIJ,9c8cd9880da74366ba28673147d87d34,mana,0.75,1,14,11,79,41,13.04,1472,66
9/1/2021 7:11:14,A3S67QA0SQVPUJ,17aac7590a114243a031617242747722,dad,0.75,1,9,4,44,43,12.62,2545,85
9/1/2021 7:30:14,ANCIB6B6EBBIJ,2848a799f11d4a41b15f5c91dd89eff2,sideeffect,0.3,0,7,6,86,2,12.55,1882,78
9/1/2021 7:41:52,A3S67QA0SQVPUJ,c6f8250e587f4288a48a616b2f1c1c6d,bee,0.3,0,8,4,50,154,14.7,2823,92
9/1/2021 7:47:25,A2W121DQXNQK1,4c08908581b54f46b00f0fdcef5fd3e4,sideeffect,0.3,0,7,5,71,28,12,2935,88
9/1/2021 7:53:28,ANCIB6B6EBBIJ,b8ccae873da141edbbe0dd86d2eee55c,isolation,0.75,1,5,4,80,68,11.92,1567,74
9/1/2021 8:02:56,A345TDMHP3DQ3G,6a9dd4e609624942951409d15edb0ff3,mana,0.3,0,32,24,75,4,9.52,2094,51
9/1/2021 8:26:39,ANCIB6B6EBBIJ,d1aad60e3f7f4dd68721bfd157247a99,sideeffect,0.3,0,3,2,67,42,12.15,1727,91
9/1/2021 8:32:20,A345TDMHP3DQ3G,87b45d27c2424504a98f49a29509480f,sideeffect,0.3,0,19,11,58,18,9.44,2301,71
9/1/2021 8:58:24,A345TDMHP3DQ3G,9989ea7d26a94464a9d94f68bc7832e9,sideeffect,0.75,1,25,22,88,7,9.92,2686,68
9/1/2021 9:36:50,AZZA3J049G7R5,0554d7947d9444bc96f9a9512f4ae989,reincarnation,0.75,1,15,13,87,8,12.49,2102,75
9/2/2021 0:29:27,A2W121DQXNQK1,cb5036e1f4494870bf96a478065d3269,obama,0.3,0,13,11,85,53,12.64,2994,75
9/2/2021 0:46:34,A345TDMHP3DQ3G,128bac319cb14dadaaf5c30c3a8ac5cb,bee,0.3,0,45,42,93,18,9.73,2115,48
9/2/2021 10:25:41,AZZA3J049G7R5,2b373ca5921e4e2c8114e20114f04de8,reincarnation,0.75,1,18,11,61,7,12.7,2111,77
9/2/2021 10:46:29,A3S67QA0SQVPUJ,3a4269f1287c41b39e11e940c82b5867,shapeshifter,0.3,0,6,6,100,12,12.21,2817,88
9/2/2021 15:11:17,A3DS5B06ZCD3E3,b42e5d2a56024abda27ec8f8f7424916,sideeffect,0.3,0,10,5,50,12,11.68,1894,83
9/2/2021 15:26:52,A3DS5B06ZCD3E3,ecb544fef0ec41789b0ca6ce942d2344,mana,0.75,1,9,6,67,7,11.62,1987,74
9/2/2021 18:37:01,A345TDMHP3DQ3G,f1e80762c105424fa21955d4520b182b,obama,0.3,0,46,40,87,4,9.54,2375,51
9/2/2021 1:53:00,A345TDMHP3DQ3G,e758f054db034e8cbf2e2b96cf42dd05,mana,0.75,1,10,8,80,5,9.39,2312,74
9/2/2021 20:35:27,A345TDMHP3DQ3G,cf7ab63dcc7e4075a1b9deee1d04af60,obama,0.3,0,23,18,78,11,9.44,2113,61
9/2/2021 20:49:05,A345TDMHP3DQ3G,86a1c83126c749beb1159014d164c679,dad,0.3,0,37,25,68,25,9.68,2145,55
9/2/2021 21:00:06,A345TDMHP3DQ3G,fefad5c6b2ca4bd6a6728c1ea12a6232,mattdamon,0.75,1,35,32,91,54,9.53,1863,42
9/2/2021 21:20:33,A345TDMHP3DQ3G,7e70d9a7956646909536fb1464168fc8,shapeshifter,0.3,0,13,9,69,7,9.46,2328,76
9/2/2021 22:12:33,A1198W1SPF1R4,bc176a916d344af496f7bdbf408db4e9,sideeffect,0.75,1,15,14,93,69,22.05,1892,35
9/2/2021 2:05:03,A345TDMHP3DQ3G,ad3a61d515cf456cbaa424c7b4ac0f13,mattdamon,0.3,0,24,20,83,22,9.97,2316,63
9/2/2021 6:14:56,APRZ7BR8C0ZMQ,607fb1c6e4ad4d81b2bf1ae1a73cf50e,mana,0.75,1,4,3,75,7,12.94,2851,95
9/2/2021 8:03:15,A2W121DQXNQK1,9154097557f84fe1862d1205b098b4ad,shapeshifter,0.75,1,12,9,75,39,13.36,3259,80
9/2/2021 8:28:17,AZZA3J049G7R5,4b391e02b91d4486974b5027c5433631,dad,0.75,1,21,18,86,37,11.31,1457,52
9/2/2021 8:42:35,AZZA3J049G7R5,3f069ddebc85414f8c650c1f9e78a498,pig,0.3,0,25,18,72,14,9.93,1750,67
9/2/2021 9:00:25,A2W121DQXNQK1,b47d3c5973494f02af1668b926a7210e,reincarnation,0.3,0,7,7,100,145,14.41,3555,82
9/2/2021 9:18:38,AZZA3J049G7R5,818ee877dd3340e1814bce6e34477cef,isolation,0.75,1,18,16,89,10,10.64,1757,53
9/2/2021 9:45:15,A2W121DQXNQK1,8f4fb63ec8e94e269f5a41f93e948bc5,reincarnation,0.3,0,12,11,92,22,11.2,3023,77
9/3/2021 0:34:42,A2W121DQXNQK1,f23823c7cb324ac580f3d051241c7fef,dad,0.3,0,10,9,90,78,16.7,3934,86
9/3/2021 10:07:17,A345TDMHP3DQ3G,db169bdfdf294eaab67ca9aeb7a7f948,mana,0.3,0,31,18,58,31,9.45,2071,61
9/3/2021 10:42:43,A345TDMHP3DQ3G,fa8be9d3e10c4a198762ec08b478a23a,shapeshifter,0.75,1,36,28,78,38,9.47,2006,46
9/3/2021 10:43:57,A3S67QA0SQVPUJ,2ce71b3ded9340529f08b8ce0bc0a2d1,reincarnation,0.75,1,6,4,67,69,10.64,2210,83
9/3/2021 11:10:25,A2ONILC0LZKG6Y,9161cb7544bf4fca8c796ee3c5b6b150,reincarnation,0.75,1,9,8,89,20,16.19,3103,85
9/3/2021 11:43:20,A345TDMHP3DQ3G,f40b77ed78bc4297bd63c56ef412863a,shapeshifter,0.3,0,33,26,79,12,9.63,2393,60
9/3/2021 12:45:11,A1VZSFHTU51JP0,b1eb87ade8f7495fb7167d0270816ef7,mattdamon,0.75,1,12,8,67,4,11.1,1603,69
9/3/2021 13:08:08,A345TDMHP3DQ3G,8499365ffee244d39a7d7faf479fea13,mana,0.3,0,53,47,89,4,9.76,1680,29
9/3/2021 18:07:44,A345TDMHP3DQ3G,6cd01768d763429a9c65131ad293b2fe,reincarnation,0.3,0,47,36,77,13,9.78,2208,50
9/3/2021 18:22:25,A345TDMHP3DQ3G,58b22fb410164805b905af9868fc0c18,reincarnation,0.3,0,44,29,66,25,9.6,1932,49
9/3/2021 18:37:18,A345TDMHP3DQ3G,25ad6925dd65422989e3659250ac9bfd,obama,0.3,0,40,30,75,4,10.14,2782,66
9/3/2021 19:00:49,A345TDMHP3DQ3G,02ef07c642254b088b72486ce41e010c,bee,0.3,0,34,29,85,7,9.62,2675,60
9/3/2021 19:25:57,A345TDMHP3DQ3G,8462cd8c839f4ebbb940326f3af1922c,bee,0.3,0,51,45,88,6,9.41,2402,51
9/3/2021 19:40:29,A345TDMHP3DQ3G,f326178e52c34b5b97911cbe8f9c58ba,mana,0.3,0,45,33,73,10,9.27,2269,52
9/3/2021 21:52:04,A1198W1SPF1R4,2a078f5a483346d283b90b5df863f87d,dad,0.75,1,6,5,83,46,14.7,1368,66
9/3/2021 3:21:42,A345TDMHP3DQ3G,409ea6cd2f8347dbb41344d1243c7e17,shapeshifter,0.75,1,45,40,89,9,9.94,1476,31
9/3/2021 3:39:30,A345TDMHP3DQ3G,7a068257c0b94c05b56e5a11387aae6e,isolation,0.3,0,53,45,85,8,9.59,1557,22
9/3/2021 3:53:18,A345TDMHP3DQ3G,29e036276257406ea2b37fd5e71a56dc,dad,0.3,0,29,20,69,10,9.64,2494,69
9/3/2021 4:06:17,A345TDMHP3DQ3G,927ad269b1a94de58c22285e806979e9,obama,0.75,1,45,36,80,13,9.96,1821,39
9/3/2021 4:34:55,A345TDMHP3DQ3G,4ecefd1639824470af6fe22186eaf282,pig,0.75,1,31,26,84,13,9.62,1947,47
9/3/2021 7:05:16,A3OLRWACCCCUTU,a4e360c64c944328afc066c7a321575f,reincarnation,0.3,0,11,6,55,5,14.48,2671,86
9/3/2021 7:25:49,A2W121DQXNQK1,e34e7611bef74a0aafda89752af534f3,dad,0.75,1,10,7,70,14,13.68,3572,86
9/3/2021 7:58:58,A2W121DQXNQK1,a7b9f3e4d2c547c3a739567a81c0de08,isolation,0.75,1,12,10,83,79,13.99,3376,71
9/3/2021 8:23:55,AZZA3J049G7R5,80e39947253d4491a8b294de724100f0,isolation,0.75,1,21,20,95,36,10.08,1992,53
9/3/2021 8:31:54,A3DS5B06ZCD3E3,8024bf1914664591abe824dd583d2d2a,mattdamon,0.75,1,11,9,82,21,11.76,2180,74
9/3/2021 8:44:45,AZZA3J049G7R5,2194c0e020934c74b8ab6c28d758feb2,sideeffect,0.75,1,21,19,90,7,11.2,2085,70
9/3/2021 8:52:47,A2ONILC0LZKG6Y,3d97d6e505e24a4a9f6b90623a8dd53b,obama,0.3,0,15,9,60,39,16.1,2543,85
9/3/2021 8:55:15,A3OLRWACCCCUTU,c793fab594334531a25d19557c0f5ee0,obama,0.75,1,14,6,43,6,12.43,2833,86
9/3/2021 8:59:24,AZZA3J049G7R5,78d615e3799e47078bf75a1799f4620a,shapeshifter,0.75,1,19,16,84,51,10.89,1724,59
9/3/2021 8:59:32,A345TDMHP3DQ3G,d6f54aebfd3d40be9044635f5cbec15c,reincarnation,0.3,0,31,22,71,13,9.97,2349,56
9/3/2021 9:03:41,A2W121DQXNQK1,fe4fd11d3f6e4386bf7ec81819c5ff10,isolation,0.3,0,12,9,75,46,14.76,3225,82
9/3/2021 9:19:24,AZZA3J049G7R5,4fc8392481a44f3aa59da642529b0a07,shapeshifter,0.3,0,18,10,56,12,12.34,2003,85
9/4/2021 0:37:33,A2W121DQXNQK1,96877ba434a04724a95095ad37efaf45,reincarnation,0.75,1,12,8,67,80,20.07,4431,90
9/4/2021 13:11:07,A1198W1SPF1R4,dcb6bb7ac50740b49deae5bf9a0dc942,bee,0.3,0,12,12,100,51,17.2,1430,57
9/4/2021 5:08:50,A3OLRWACCCCUTU,a88bea9bbf624105afc21cf6e6e052c8,pig,0.3,0,10,5,50,3,10.91,2156,87
9/4/2021 6:13:46,A3OLRWACCCCUTU,696d64891a2947f6af20032eef450ff7,mattdamon,0.75,1,7,3,43,3,9.93,1742,85
9/4/2021 7:38:32,A3OLRWACCCCUTU,ef145d5c1ad94981bbea37ec48c4eb2e,reincarnation,0.75,1,7,5,71,0,10.72,2658,88
9/4/2021 7:50:13,A2W121DQXNQK1,945bb360fb554dce9c0d6510f8a60812,dad,0.3,0,9,6,67,47,13.8,3368,89
9/4/2021 9:03:08,A2W121DQXNQK1,31794aa2de5e40baba2dfa6f59e03d15,mattdamon,0.75,1,16,14,88,55,13.86,3196,74
9/4/2021 9:33:58,A2W121DQXNQK1,b5a9cacc2fc24fc583d5442b3c607278,obama,0.75,1,22,16,73,59,15.03,3202,68
9/5/2021 0:31:46,A2W121DQXNQK1,b25c76c9dd3a406192b6e3b7b4638a2a,mana,0.75,1,14,13,93,56,15.13,3743,75
9/5/2021 10:07:51,A3OLRWACCCCUTU,3ad000b9400447d9bd7f7dc101975973,mattdamon,0.3,0,5,3,60,16,10.19,2066,87
9/5/2021 11:29:05,A3MYPYBVHX7FQ2,6938b4a468aa482ba459d2fbe140cb30,dad,0.3,0,9,5,56,11,10.46,1968,86
9/5/2021 11:31:12,A2OVX9UW5WANQE,f3e888eebc91402e9a4b5266ea5c6389,obama,0.75,1,20,16,80,0,9.75,949,45
9/5/2021 15:57:05,A2OVX9UW5WANQE,f11975fed1994467a041c56aab447dcb,bee,0.75,1,28,17,61,0,10.01,700,33
9/5/2021 16:08:28,A2OVOVZBJYUO,f8bc132e150846b18cfe36d6b9ad5ca5,isolation,0.75,1,11,6,55,9,9.58,1536,68
9/5/2021 16:21:26,A2OVOVZBJYUO,ceaefdd012e2487990dd4fc021233919,dad,0.3,0,29,23,79,16,10.16,1726,56
9/5/2021 16:36:54,A2OVOVZBJYUO,5d34143f64fc4820b7d4a53c85deac45,bee,0.75,1,22,20,91,4,10.29,1641,55
9/5/2021 7:49:32,A2W121DQXNQK1,a935819289a042269dc6f7e419b0608e,obama,0.75,1,9,8,89,60,12.17,2770,82
9/5/2021 8:06:01,A2OVX9UW5WANQE,35399d7a3a994ff2a0425b156a33b2d7,mattdamon,0.75,1,23,15,65,0,9.61,991,48
9/5/2021 8:28:25,A2OVX9UW5WANQE,00d39011efcb4533ab12076801f74f42,shapeshifter,0.3,0,25,8,32,0,10.27,1397,77
9/5/2021 8:45:25,A2OVX9UW5WANQE,ecdf98683b6641e3b99127df3ee66854,pig,0.75,1,9,6,67,5,9.55,1090,69
9/5/2021 9:23:15,A2W121DQXNQK1,dad69fc8dcfb4971abbe3d4013bfc6ce,reincarnation,0.75,1,11,9,82,55,11.52,2989,79
9/5/2021 9:39:46,A2W121DQXNQK1,6a0e4a84b6624948b9373a84488399cd,shapeshifter,0.3,0,15,13,87,100,11.67,2432,65